idade,sexo,frequencia_semanal_treino,tipo_atividade,tempo_medio_exercicio,minutos_totais_semana,preco_plano,possui_nutricionista,primeiro_PGC,ultimo_PGC,data_matricula,estado
48,Outro,7.0,Natação,45.3,317.1,188.47,Não,39.5,24.9,2021-07-28,Ativa
30,Outro,7.0,Yoga,98.1,686.7,198.07,Não,25.2,23.5,2020-12-28,Ativa
35,Masculino,5.0,Cardio,33.9,169.5,154.9,Não,27.2,11.4,2022-02-27,Ativa
43,Outro,3.0,Yoga,75.6,226.8,250.79,Sim,14.4,19.2,2022-12-01,Ativa
37,Masculino,0.0,CrossFit,114.0,0.0,168.02,Sim,21.5,18.1,2024-01-20,Sedentária
57,Masculino,2.0,Yoga,95.5,191.0,74.06,Não,35.8,14.4,2020-04-26,Ativa
55,Masculino,7.0,CrossFit,95.7,669.9,289.13,Sim,16.1,14.9,2022-06-12,Ativa
21,Feminino,5.0,Yoga,117.5,587.5,259.55,Não,13.2,13.5,2021-09-07,Ativa
37,Masculino,7.0,Yoga,,,194.34,Sim,18.4,21.8,2025-09-02,Ativa
50,Masculino,1.0,Musculação,105.0,105.0,290.91,Sim,37.3,31.0,2020-05-06,Ativa
21,Feminino,0.0,Futebol,94.8,0.0,176.86,Sim,25.5,21.2,2025-03-10,Sedentária
30,Outro,0.0,CrossFit,67.7,0.0,147.73,Sim,28.6,25.4,2023-11-12,Sedentária
42,Outro,1.0,Yoga,56.6,56.6,170.38,Não,15.7,29.6,2021-12-31,Ativa
20,Masculino,6.0,Cardio,47.8,286.8,206.8,Sim,10.4,22.7,2022-12-25,Ativa
47,Feminino,2.0,Musculação,112.5,225.0,117.85,Não,29.0,13.4,2020-05-01,Ativa
24,Outro,4.0,CrossFit,80.4,321.6,63.51,Não,13.5,34.1,2020-10-29,Ativa
62,Outro,4.0,Futebol,69.1,276.4,143.89,Sim,29.8,16.0,2024-01-19,Ativa
35,Feminino,0.0,Natação,48.9,0.0,53.65,Não,12.3,20.9,2025-04-23,Sedentária
22,Outro,4.0,Musculação,94.3,377.2,131.0,Não,36.7,10.8,2022-06-13,Ativa
36,Feminino,4.0,CrossFit,101.7,406.8,174.82,Não,31.2,36.4,2021-06-11,Ativa
36,Feminino,3.0,CrossFit,99.6,298.8,298.37,Sim,22.7,30.3,2022-07-02,Ativa
57,Outro,5.0,Natação,94.7,473.5,225.36,Não,28.1,11.4,2024-10-13,Ativa
57,Outro,5.0,CrossFit,42.2,211.0,251.88,Não,22.7,27.2,2022-05-26,Ativa
52,Feminino,6.0,Yoga,89.6,537.6,181.9,Sim,11.3,16.8,2022-04-10,Ativa
31,Outro,2.0,Futebol,52.3,104.6,81.08,Sim,13.3,35.5,2023-05-20,Ativa
64,Masculino,1.0,Yoga,105.6,105.6,256.94,Sim,14.3,34.1,2024-10-04,Ativa
64,Outro,0.0,Musculação,,,148.59,Sim,19.3,19.1,2024-10-13,Sedentária
41,Masculino,2.0,Futebol,81.6,163.2,56.38,Sim,12.9,30.1,2024-09-09,Ativa
40,Feminino,4.0,Natação,82.1,328.4,114.78,Não,33.6,27.6,2021-05-09,Ativa
37,Outro,4.0,Yoga,45.1,180.4,78.51,Sim,17.3,32.4,2023-05-08,Ativa
51,Masculino,7.0,Cardio,74.5,521.5,223.85,Sim,10.2,29.5,2020-05-23,Ativa
42,Feminino,5.0,Cardio,109.8,549.0,136.8,Não,30.7,13.9,2022-02-04,Ativa
33,Masculino,2.0,Musculação,93.8,187.6,113.1,Sim,35.8,12.5,2023-03-11,Ativa
48,Feminino,0.0,Natação,75.4,0.0,74.83,Não,23.6,24.5,2020-09-05,Sedentária
20,Outro,4.0,Yoga,29.6,118.4,263.94,Sim,38.7,20.1,2024-02-04,Ativa
35,Outro,3.0,Natação,94.5,283.5,94.64,Sim,15.0,23.5,2024-08-24,Ativa
56,Feminino,0.0,Musculação,25.8,0.0,233.58,Sim,18.6,12.6,2020-03-26,Sedentária
21,Outro,6.0,Cardio,33.9,203.4,151.75,Não,39.2,15.9,2023-06-16,Ativa
53,Masculino,2.0,Yoga,98.3,196.6,176.74,Sim,37.4,29.5,2025-02-04,Ativa
34,Outro,4.0,Yoga,21.9,87.6,171.13,Não,30.7,23.0,2024-02-18,Ativa
40,Outro,4.0,Natação,36.9,147.6,261.56,Não,20.8,17.4,2020-01-29,Ativa
45,Outro,5.0,Futebol,104.3,521.5,138.88,Sim,36.0,36.0,2020-02-07,Ativa
49,Outro,5.0,Futebol,,,235.3,Não,30.4,13.2,2024-03-25,Ativa
54,Feminino,,Cardio,113.2,,65.29,Sim,16.6,35.0,2021-10-05,Sedentária
32,Feminino,0.0,CrossFit,46.9,0.0,273.31,Não,30.9,10.6,2020-12-16,Sedentária
35,Outro,4.0,Yoga,46.8,187.2,61.92,Sim,21.3,17.5,2022-03-08,Ativa
20,Masculino,7.0,Natação,58.1,406.7,195.57,Sim,10.7,28.0,2024-02-26,Ativa
35,Outro,5.0,Yoga,57.3,286.5,97.55,Não,17.2,12.1,2025-02-23,Ativa
20,Outro,1.0,Cardio,71.0,71.0,163.27,Não,27.3,20.6,2023-06-19,Ativa
33,Masculino,7.0,Musculação,118.3,828.1,184.03,Não,12.7,25.9,2021-11-28,Ativa
22,Masculino,5.0,Natação,119.6,598.0,243.95,Não,36.9,27.3,2020-03-14,Ativa
44,Feminino,3.0,Yoga,88.3,264.9,176.71,Sim,33.0,20.8,2024-09-04,Ativa
24,Masculino,5.0,CrossFit,72.3,361.5,234.14,Sim,27.4,18.4,2021-09-08,Ativa
28,Feminino,3.0,Cardio,115.2,345.6,82.98,Sim,29.8,36.2,2025-04-01,Ativa
52,Feminino,6.0,Natacao,114.2,685.2,186.69,Não,36.9,28.1,2020-11-24,Ativa
33,Feminino,4.0,Natação,114.8,459.2,58.5,Não,28.2,39.6,2023-05-19,Ativa
38,Masculino,4.0,Cardio,26.9,107.6,67.17,Não,34.7,34.1,2021-04-02,Ativa
28,Feminino,6.0,Futebol,116.1,696.6,175.74,Sim,19.6,27.9,2023-09-20,Ativa
27,Masculino,7.0,Musculação,47.3,331.1,133.74,Não,14.6,10.5,2024-11-06,Ativa
62,Outro,3.0,Natação,35.6,106.8,178.59,Não,21.2,31.0,2022-07-21,Ativa
56,Feminino,5.0,Musculação,82.7,413.5,200.92,Não,27.1,32.0,2020-07-19,Ativa
34,Feminino,6.0,Cardio,113.9,683.4,117.6,Sim,14.0,31.7,2024-07-04,Ativa
45,Masculino,6.0,Cardio,,,245.24,Não,22.7,20.6,2022-08-27,Ativa
25,Masculino,3.0,Musculação,63.7,191.1,97.23,Sim,30.0,23.5,2022-04-02,Ativa
63,Outro,7.0,Natação,,,266.84,Não,32.2,27.7,2021-11-21,Ativa
62,Masculino,5.0,Natação,61.1,305.5,112.43,Sim,39.3,16.8,2020-07-21,Ativa
42,Feminino,7.0,Musculação,95.2,666.4,254.19,Não,10.4,15.1,2024-12-31,Ativa
59,Feminino,6.0,CrossFit,44.1,264.6,138.08,Não,15.0,35.4,2024-03-23,Ativa
63,Outro,0.0,CrossFit,45.9,0.0,207.14,Sim,27.0,37.7,2023-03-07,Sedentária
53,Feminino,3.0,Yoga,86.5,259.5,258.39,Não,30.0,39.9,2024-03-03,Ativa
57,Feminino,0.0,Musculação,116.5,0.0,237.93,Sim,38.7,29.1,2023-12-22,Sedentária
35,Masculino,3.0,Yoga,32.4,97.2,62.93,Não,11.3,30.0,2025-01-20,Ativa
53,Masculino,6.0,Cardio,60.9,365.4,205.06,Sim,11.3,14.8,2020-12-21,Ativa
39,Outro,0.0,CrossFit,23.9,0.0,142.83,Não,16.3,19.3,2025-07-31,Sedentária
61,Masculino,4.0,CrossFit,24.6,98.4,82.94,Não,32.0,16.4,2020-11-07,Ativa
30,Masculino,4.0,Musculação,70.0,280.0,266.74,Sim,20.8,29.8,2023-10-17,Ativa
30,Feminino,2.0,Cardio,82.5,165.0,237.74,Não,17.2,19.3,2025-07-23,Ativa
21,Feminino,0.0,Futebol,69.7,0.0,132.41,Sim,13.4,35.0,2023-03-31,Sedentária
64,Feminino,4.0,Futebol,47.8,191.2,83.66,Não,39.8,24.9,2021-03-25,Ativa
28,Outro,0.0,CrossFit,83.8,0.0,64.35,Não,11.5,20.5,2023-10-07,Sedentária
64,Masculino,7.0,CrossFit,53.2,372.4,184.36,Não,21.5,21.8,2024-06-23,Ativa
63,Outro,2.0,CrossFit,116.4,232.8,214.37,Sim,35.9,24.4,2025-03-26,Ativa
29,Feminino,2.0,CrossFit,85.8,171.6,176.56,Sim,15.1,32.6,2022-03-08,Ativa
41,Masculino,6.0,Musculação,57.3,343.8,235.76,Sim,13.6,37.6,2023-04-05,Ativa
43,Feminino,1.0,CrossFit,47.1,47.1,165.95,Não,36.0,12.8,2020-04-17,Ativa
54,Masculino,,CrossFit,91.4,,284.36,Não,20.6,26.4,2021-02-28,Sedentária
29,Masculino,2.0,Musculação,113.0,226.0,247.27,Sim,36.6,19.1,2024-04-08,Ativa
40,Feminino,6.0,Musculação,80.4,482.4,173.46,Sim,25.1,35.4,2025-03-07,Ativa
18,Outro,7.0,Cardio,62.9,440.3,199.37,Não,16.8,36.0,2021-11-08,Ativa
31,Masculino,6.0,Natação,89.9,539.4,284.14,Sim,39.3,17.6,2025-06-11,Ativa
54,Feminino,2.0,Futebol,110.6,221.2,293.1,Não,32.1,10.2,2025-04-08,Ativa
53,Outro,4.0,Futebol,73.4,293.6,218.65,Não,33.1,22.5,2022-04-16,Ativa
44,Masculino,5.0,CrossFit,63.0,315.0,197.3,Não,33.4,13.6,2021-10-09,Ativa
56,Masculino,7.0,Yoga,87.5,612.5,264.61,Sim,30.3,27.0,2025-04-26,Ativa
37,Feminino,5.0,Futebol,60.5,302.5,74.13,Não,28.3,15.2,2020-03-28,Ativa
34,Outro,7.0,Yoga,96.0,672.0,133.92,Não,31.4,24.8,2023-01-05,Ativa
60,Outro,5.0,Yoga,47.7,238.5,119.36,Não,31.2,18.9,2022-07-17,Ativa
35,Masculino,6.0,Natação,87.8,526.8,67.0,Não,27.0,34.7,2021-10-19,Ativa
53,Outro,3.0,CrossFit,65.7,197.1,109.02,Sim,20.2,17.1,2023-05-17,Ativa
59,Feminino,2.0,CrossFit,38.0,76.0,121.55,Não,39.4,35.0,2022-01-10,Ativa
20,Outro,,CrossFit,22.1,,213.46,Sim,35.3,25.3,2025-07-27,Sedentária
55,Masculino,2.0,Futebol,117.7,235.4,246.02,Não,11.3,16.4,2021-07-29,Ativa
41,Masculino,2.0,CrossFit,42.3,84.6,286.25,Sim,36.4,36.3,2022-03-17,Ativa
56,Outro,4.0,CrossFit,44.3,177.2,91.67,Sim,31.2,38.0,2021-02-20,Ativa
33,Outro,4.0,CrossFit,,,60.35,Não,17.9,33.2,2025-09-08,Ativa
36,Outro,4.0,Futebol,51.7,206.8,221.25,Não,25.3,38.0,2021-03-10,Ativa
23,Feminino,3.0,CrossFit,36.8,110.4,286.46,Sim,20.6,31.9,2021-07-30,Ativa
25,Outro,5.0,Futebol,34.9,174.5,270.0,Não,23.3,31.8,2022-03-20,Ativa
37,Masculino,5.0,CrossFit,47.4,237.0,74.58,Sim,36.1,11.4,2022-08-13,Ativa
38,Masculino,7.0,Musculação,51.6,361.2,267.99,Sim,35.0,19.5,2023-05-31,Ativa
33,Masculino,3.0,Cardio,70.7,212.1,56.83,Não,39.5,19.5,2022-03-10,Ativa
33,Feminino,1.0,Cardio,73.1,73.1,247.24,Sim,14.8,12.4,2020-07-12,Ativa
18,Outro,7.0,Cardio,,,155.25,Não,23.6,21.8,2020-11-08,Ativa
27,Masculino,1.0,Natação,58.0,58.0,170.14,Não,39.2,22.4,2023-12-12,Ativa
45,Outro,0.0,CrossFit,88.5,0.0,86.94,Sim,29.6,27.8,2023-04-14,Sedentária
43,Feminino,2.0,Musculação,31.9,63.8,54.78,Não,21.7,39.6,2021-08-14,Ativa
37,Outro,4.0,Futebol,21.8,87.2,292.44,Não,30.6,26.0,2023-03-05,Ativa
47,Feminino,1.0,Soccer,81.0,81.0,133.92,Não,13.4,10.8,2020-05-28,Ativa
18,Feminino,4.0,Yoga,34.6,138.4,211.34,Não,19.0,11.6,2022-05-24,Ativa
33,Masculino,5.0,CrossFit,23.7,118.5,107.99,Não,37.7,21.4,2024-02-22,Ativa
44,Masculino,5.0,Cardio,51.7,258.5,252.38,Não,36.2,24.6,2024-04-22,Ativa
41,Masculino,0.0,Cardio,51.6,0.0,227.1,Não,18.9,20.1,2024-05-20,Sedentária
42,Outro,4.0,Musculação,27.1,108.4,63.98,Não,39.0,11.2,2021-07-23,Ativa
38,Feminino,,Musculação,41.0,,174.41,Não,32.7,17.9,2022-04-23,Sedentária
52,Feminino,0.0,Cardio,34.9,0.0,258.48,Não,13.7,28.8,2021-08-21,Sedentária
30,Masculino,5.0,Musculação,20.6,103.0,175.49,Não,12.5,15.4,2023-07-18,Ativa
52,Masculino,4.0,CrossFit,39.7,158.8,249.53,Sim,32.4,28.5,2020-04-08,Ativa
49,Masculino,0.0,Cardio,75.0,0.0,206.8,Sim,28.2,17.9,2023-07-28,Sedentária
38,Outro,3.0,Cardio,106.8,320.4,273.77,Sim,16.1,18.9,2021-11-07,Ativa
52,Outro,3.0,CrossFit,68.9,206.7,122.92,Sim,23.6,21.7,2024-06-17,Ativa
22,Outro,3.0,Futebol,77.2,231.6,134.71,Não,29.4,15.7,2023-05-30,Ativa
21,Masculino,1.0,Futebol,115.7,115.7,247.15,Sim,18.6,17.1,2022-07-06,Ativa
64,Outro,4.0,CrossFit,54.3,217.2,132.65,Sim,14.7,23.2,2023-09-21,Ativa
55,Masculino,2.0,Musculação,52.8,105.6,68.84,Não,38.2,29.9,2021-09-05,Ativa
45,Feminino,0.0,Cardio,97.3,0.0,235.39,Sim,18.2,21.3,2021-06-01,Sedentária
31,Masculino,2.0,Yoga,82.1,164.2,165.23,Sim,10.8,37.5,2020-06-13,Ativa
29,Outro,3.0,Natação,60.0,180.0,229.87,Não,38.6,19.0,2022-07-08,Ativa
29,Masculino,4.0,Cardio,98.7,394.8,215.96,Não,18.2,13.6,2020-06-02,Ativa
50,Masculino,5.0,Cardio,106.8,534.0,104.04,Sim,15.9,15.2,2024-12-30,Ativa
38,Feminino,7.0,Cardio,105.0,735.0,186.04,Não,11.0,22.0,2025-02-28,Ativa
18,Feminino,5.0,Musculação,116.0,580.0,104.44,Não,21.7,38.2,2021-07-15,Ativa
29,Masculino,1.0,Yoga,109.8,109.8,64.68,Não,24.5,27.0,2022-06-22,Ativa
43,Outro,4.0,Futebol,87.0,348.0,78.3,Não,15.2,38.7,2021-06-04,Ativa
51,Feminino,2.0,Yoga,48.9,97.8,240.18,Não,30.4,38.2,2022-05-28,Ativa
52,Outro,4.0,Futebol,43.2,172.8,223.0,Não,18.6,19.9,2023-11-08,Ativa
27,Masculino,0.0,Futebol,20.9,0.0,103.76,Sim,18.9,25.3,2022-12-23,Sedentária
42,Outro,6.0,Cardio,71.0,426.0,162.15,Não,31.6,26.2,2022-06-17,Ativa
62,Feminino,2.0,Yoga,35.0,70.0,284.59,Não,32.5,12.6,2020-12-06,Ativa
23,Masculino,4.0,Musculação,77.7,310.8,147.17,Sim,27.8,17.4,2025-03-23,Ativa
54,Masculino,4.0,Natação,113.1,452.4,196.02,Não,29.9,36.1,2020-11-02,Ativa
64,Masculino,6.0,CrossFit,63.8,382.8,290.94,Sim,13.2,27.9,2020-09-22,Ativa
18,Outro,5.0,Musculação,23.2,116.0,103.56,Não,27.3,37.4,2023-08-08,Ativa
38,Outro,3.0,Cardio,64.1,192.3,165.03,Sim,15.9,11.0,2020-03-30,Ativa
39,Feminino,6.0,Natação,48.9,293.4,108.52,Não,18.2,39.0,2022-01-20,Ativa
24,Feminino,0.0,Yoga,34.1,0.0,178.44,Sim,39.7,10.0,2025-08-12,Sedentária
44,Outro,1.0,Musculação,45.9,45.9,216.86,Não,27.3,10.6,2022-11-13,Ativa
46,Outro,5.0,Futebol,78.1,390.5,128.02,Não,11.5,29.7,2021-11-18,Ativa
63,Outro,,Musculação,26.6,,185.37,Sim,25.9,16.9,2021-03-17,Sedentária
44,Masculino,3.0,Yoga,,,288.43,Sim,30.8,32.9,2020-10-17,Ativa
47,Outro,3.0,Musculação,25.3,75.9,221.4,Não,17.0,15.7,2024-05-07,Ativa
36,Outro,0.0,Natação,105.6,0.0,53.2,Não,36.7,33.3,2024-03-02,Sedentária
29,Masculino,4.0,Musculação,91.0,364.0,91.91,Não,28.7,21.9,2024-01-12,Ativa
50,Feminino,3.0,Cardio,28.3,84.9,155.83,Não,15.4,24.8,2023-11-06,Ativa
44,Feminino,0.0,Cardio,32.0,0.0,70.31,Não,22.6,23.5,2025-03-25,Sedentária
46,Masculino,0.0,Musculação,24.6,0.0,201.72,Não,38.4,19.5,2024-07-07,Sedentária
60,Masculino,4.0,Musculação,74.2,296.8,190.54,Não,27.8,34.3,2023-05-03,Ativa
18,Outro,3.0,Yoga,119.7,359.1,100.45,Sim,35.2,32.5,2022-12-23,Ativa
28,Feminino,7.0,Cardio,39.9,279.3,192.94,Não,26.0,23.9,2024-03-10,Ativa
29,Feminino,6.0,Yoga,76.9,461.4,192.39,Não,24.9,29.3,2023-06-23,Ativa
55,Masculino,1.0,Yoga,60.7,60.7,50.63,Sim,31.5,15.8,2023-07-07,Ativa
34,Feminino,1.0,Futebol,,,158.85,Não,26.7,22.2,2025-06-16,Ativa
57,Outro,7.0,Musculação,51.3,359.1,188.9,Não,36.0,36.2,2025-06-23,Ativa
58,Feminino,3.0,Yoga,116.1,348.3,107.6,Não,23.5,29.1,2022-01-05,Ativa
28,Masculino,7.0,Cardio,88.4,618.8,84.13,Sim,14.7,29.9,2020-02-03,Ativa
62,Feminino,4.0,Futebol,38.3,153.2,58.6,Não,16.8,34.8,2022-02-19,Ativa
20,Feminino,,Musculação,51.2,,231.46,Não,27.3,32.0,2021-12-09,Sedentária
54,Masculino,3.0,Yoga,117.4,352.2,144.04,Sim,36.5,11.2,2023-09-08,Ativa
21,Outro,1.0,Yoga,62.9,62.9,290.53,Não,27.9,17.0,2023-02-16,Ativa
48,Masculino,2.0,Natação,84.0,168.0,131.05,Sim,14.9,28.7,2022-06-25,Ativa
63,Feminino,1.0,CrossFit,104.4,104.4,146.11,Não,30.4,39.3,2021-12-31,Ativa
18,Outro,6.0,Musculação,28.5,171.0,141.0,Sim,39.2,32.0,2020-01-19,Ativa
39,Feminino,7.0,Cardio,99.1,693.7,87.44,Sim,33.2,34.9,2023-02-26,Ativa
45,Outro,,Yoga,48.7,,281.39,Não,22.4,17.3,2021-05-04,Sedentária
25,Outro,7.0,Cardio,32.0,224.0,219.93,Não,33.3,10.8,2022-08-16,Ativa
23,Masculino,5.0,Musculação,105.9,529.5,146.03,Sim,14.1,36.7,2022-12-15,Ativa
56,Outro,3.0,Musculação,38.6,115.8,130.51,Não,25.4,39.4,2023-08-28,Ativa
63,Masculino,3.0,CrossFit,49.8,149.4,278.02,Sim,24.0,20.8,2020-04-02,Ativa
23,Outro,7.0,Natação,70.1,490.7,130.71,Sim,34.1,11.7,2021-03-30,Ativa
20,Masculino,7.0,Cardio,98.2,687.4,80.46,Sim,20.1,32.4,2025-01-27,Ativa
64,Masculino,5.0,Cardio,36.4,182.0,235.15,Sim,30.3,20.9,2022-04-03,Ativa
23,Feminino,2.0,CrossFit,101.9,203.8,224.59,Não,20.6,13.5,2021-02-08,Ativa
31,Outro,5.0,CrossFit,32.2,161.0,84.23,Sim,33.7,22.4,2025-06-04,Ativa
51,Masculino,2.0,Futebol,31.1,62.2,269.84,Sim,34.7,30.8,2021-03-05,Ativa
47,Feminino,1.0,CrossFit,29.5,29.5,265.65,Não,24.7,13.2,2024-01-02,Ativa
19,Feminino,3.0,Musculação,57.4,172.2,147.47,Não,32.8,36.1,2020-09-06,Ativa
24,Masculino,6.0,CrossFit,57.4,344.4,250.42,Sim,39.7,10.1,2022-06-02,Ativa
44,Masculino,2.0,CrossFit,99.4,198.8,159.3,Não,36.1,36.1,2022-06-08,Ativa
46,Feminino,2.0,Cardio,,,87.18,Sim,23.1,33.1,2021-12-22,Ativa
54,Outro,1.0,Musculação,65.2,65.2,186.86,Sim,10.8,31.5,2025-04-11,Ativa
41,Feminino,5.0,Futebol,41.9,209.5,241.15,Não,16.0,13.7,2022-01-16,Ativa
64,Masculino,4.0,Musculação,29.1,116.4,107.78,Não,39.2,39.1,2020-04-05,Ativa
53,Masculino,7.0,Cardio,41.5,290.5,202.95,Não,25.2,27.8,2025-05-28,Ativa
29,Feminino,3.0,Musculação,22.9,68.7,243.65,Sim,21.6,12.6,2025-03-03,Ativa
21,Outro,3.0,Musculação,88.2,264.6,89.44,Sim,30.4,38.2,2025-08-17,Ativa
49,Feminino,3.0,Yoga,61.6,184.8,184.45,Sim,10.8,36.1,2021-10-13,Ativa
61,Feminino,5.0,Cardio,96.2,481.0,127.75,Sim,15.0,26.1,2023-10-25,Ativa
42,Outro,5.0,Yoga,79.0,395.0,294.89,Sim,38.8,37.9,2022-11-30,Ativa
58,Outro,1.0,Futebol,86.8,86.8,195.43,Sim,29.3,37.3,2025-01-01,Ativa
35,Masculino,5.0,Musculação,108.4,542.0,127.05,Não,37.9,39.0,2021-06-16,Ativa
40,Feminino,,Yoga,92.9,,57.29,Sim,37.6,20.1,2021-03-31,Sedentária
47,Feminino,1.0,Futebol,63.8,63.8,291.25,Não,34.7,31.2,2020-10-15,Ativa
50,Feminino,4.0,Musculação,32.4,129.6,211.82,Sim,12.7,31.2,2020-05-05,Ativa
30,Feminino,5.0,CrossFit,119.8,599.0,115.92,Não,26.2,38.0,2024-12-25,Ativa
50,Masculino,0.0,Musculação,113.9,0.0,236.8,Sim,28.9,34.7,2020-07-02,Sedentária
55,Masculino,1.0,Yoga,41.9,41.9,128.05,Sim,28.4,35.2,2023-12-10,Ativa
26,Masculino,6.0,CrossFit,54.4,326.4,208.25,Sim,19.5,38.6,2023-02-04,Ativa
60,Feminino,3.0,Futebol,78.8,236.4,136.65,Não,23.4,38.6,2024-10-15,Ativa
34,Outro,1.0,Yoga,107.8,107.8,61.45,Não,39.0,13.3,2025-07-03,Ativa
21,Masculino,1.0,Cardio,100.5,100.5,60.67,Sim,37.0,19.2,2024-09-23,Ativa
42,Outro,1.0,Natação,65.1,65.1,231.76,Não,16.3,23.3,2022-12-19,Ativa
45,Outro,0.0,Cardio,,,57.23,Não,39.8,13.5,2021-03-12,Sedentária
37,Outro,,Musculação,93.4,,276.9,Não,33.6,26.1,2020-10-08,Sedentária
37,Masculino,4.0,Futebol,22.1,88.4,257.04,Sim,17.2,33.3,2022-01-11,Ativa
50,Masculino,,Yoga,72.8,,241.19,Não,37.9,32.9,2025-02-08,Sedentária
21,Outro,6.0,Natação,63.8,382.8,101.13,Não,21.2,21.1,2021-09-24,Ativa
55,Outro,6.0,Futebol,119.1,714.6,285.98,Sim,30.0,30.9,2021-12-01,Ativa
51,Masculino,3.0,Natação,30.4,91.2,120.98,Não,10.2,10.8,2023-05-26,Ativa
50,Masculino,5.0,Natação,105.3,526.5,75.43,Não,32.8,25.3,2022-03-12,Ativa
28,Masculino,0.0,Cardio,63.9,0.0,156.88,Sim,33.5,37.1,2020-10-31,Sedentária
36,Masculino,2.0,Futebol,106.0,212.0,71.42,Sim,38.0,22.4,2022-05-12,Ativa
35,Feminino,7.0,Musculação,34.3,240.1,182.55,Sim,39.7,14.3,2021-10-24,Ativa
58,Masculino,2.0,Futebol,23.5,47.0,265.13,Sim,39.0,12.6,2020-11-05,Ativa
25,Feminino,2.0,Musculação,30.3,60.6,298.5,Não,18.0,12.9,2025-06-07,Ativa
64,Outro,5.0,Yoga,50.8,254.0,165.64,Sim,32.5,29.0,2023-04-04,Ativa
23,Feminino,2.0,Yoga,,,244.27,Não,10.4,25.8,2025-06-14,Ativa
51,Outro,6.0,Natação,80.9,485.4,217.49,Sim,36.9,11.2,2023-05-05,Ativa
33,Feminino,1.0,Musculação,118.2,118.2,257.47,Sim,37.9,12.5,2021-01-06,Ativa
25,Feminino,6.0,Yoga,77.2,463.2,180.16,Sim,36.1,35.7,2021-12-16,Ativa
30,Feminino,4.0,Musculação,40.5,162.0,188.53,Não,26.7,26.4,2020-01-14,Ativa
19,Outro,1.0,Musculação,43.5,43.5,170.74,Não,22.5,37.9,2023-11-07,Ativa
47,Outro,6.0,Musculação,,,236.98,Sim,18.8,20.3,2022-12-16,Ativa
45,Masculino,0.0,CrossFit,63.4,0.0,94.61,Não,18.9,20.3,2023-09-28,Sedentária
30,Feminino,7.0,Cardio,43.1,301.7,255.28,Não,19.5,30.3,2021-02-13,Ativa
44,Outro,7.0,Futebol,20.9,146.3,141.86,Sim,24.5,37.5,2025-04-10,Ativa
46,Feminino,,Musculação,89.4,,180.94,Não,35.7,14.9,2024-02-28,Sedentária
38,Masculino,7.0,Musculação,26.3,184.1,216.95,Não,25.6,26.7,2022-08-01,Ativa
52,Outro,1.0,Musculação,25.8,25.8,243.81,Sim,17.1,26.2,2021-01-15,Ativa
38,Masculino,2.0,Yoga,83.4,166.8,246.21,Não,12.9,34.4,2023-10-22,Ativa
55,Outro,5.0,Cardio,78.9,394.5,186.73,Não,24.2,30.8,2023-05-04,Ativa
23,Outro,4.0,CrossFit,117.5,470.0,256.28,Não,32.8,15.9,2022-02-21,Ativa
44,Feminino,2.0,Yoga,88.5,177.0,291.21,Sim,27.8,37.1,2022-07-10,Ativa
52,Outro,7.0,CrossFit,107.4,751.8,107.13,Não,35.1,11.1,2024-01-05,Ativa
24,Masculino,5.0,Natação,97.3,486.5,282.92,Sim,15.9,18.9,2022-11-15,Ativa
51,Masculino,7.0,Cardio,39.0,273.0,86.23,Sim,23.0,36.6,2022-08-08,Ativa
23,Masculino,5.0,Futebol,95.8,479.0,52.06,Não,35.9,29.5,2022-08-26,Ativa
21,Masculino,0.0,CrossFit,107.8,0.0,227.68,Sim,15.2,16.2,2023-10-04,Sedentária
37,Feminino,0.0,Cardio,48.1,0.0,57.76,Não,14.2,16.0,2020-07-15,Sedentária
62,Feminino,4.0,Cardio,59.2,236.8,208.58,Sim,34.0,19.0,2021-10-07,Ativa
62,Feminino,4.0,Yoga,41.6,166.4,211.62,Não,33.7,32.4,2021-07-23,Ativa
54,Masculino,5.0,Musculação,102.3,511.5,289.24,Não,35.0,28.4,2021-06-15,Ativa
47,Masculino,3.0,Futebol,41.8,125.4,207.34,Não,29.4,10.5,2021-05-06,Ativa
50,Outro,0.0,Yoga,114.0,0.0,261.31,Sim,27.3,22.8,2022-07-13,Sedentária
27,Feminino,0.0,CrossFit,70.3,0.0,287.21,Sim,32.7,19.8,2025-02-13,Sedentária
42,Outro,6.0,Cardio,112.0,672.0,235.02,Não,10.3,32.6,2023-12-22,Ativa
55,Outro,2.0,Yoga,79.5,159.0,154.35,Não,13.8,20.7,2022-11-18,Ativa
22,Outro,7.0,Futebol,36.4,254.8,138.39,Não,25.4,29.6,2020-09-29,Ativa
54,Feminino,4.0,Yoga,22.6,90.4,100.77,Sim,30.5,28.9,2021-12-20,Ativa
30,Feminino,,Musculação,51.1,,93.72,Não,10.2,21.1,2023-06-06,Sedentária
33,Masculino,0.0,Yoga,,,161.36,Sim,30.4,16.6,2024-04-29,Sedentária
64,Outro,3.0,Yoga,105.7,317.1,299.15,Não,32.7,29.0,2020-04-16,Ativa
18,Masculino,2.0,Yoga,70.9,141.8,126.44,Não,22.0,14.8,2021-05-30,Ativa
31,Feminino,7.0,Yoga,31.9,223.3,249.11,Não,21.1,28.5,2021-04-29,Ativa
53,Masculino,0.0,Futebol,95.2,0.0,95.18,Sim,19.8,33.5,2025-01-15,Sedentária
47,Outro,5.0,Musculação,48.8,244.0,154.48,Sim,21.4,24.8,2022-08-29,Ativa
50,Masculino,,Cardio,116.5,,155.08,Sim,12.1,24.8,2021-01-01,Sedentária
44,Masculino,0.0,Yoga,116.2,0.0,214.06,Não,15.9,25.7,2022-06-02,Sedentária
57,Feminino,5.0,Futebol,75.6,378.0,186.43,Não,33.2,26.9,2020-11-05,Ativa
32,Outro,5.0,Cardio,65.5,327.5,130.27,Sim,38.9,32.2,2021-07-08,Ativa
64,Masculino,3.0,CrossFit,74.8,224.4,236.6,Sim,13.5,21.0,2024-06-24,Ativa
46,Outro,2.0,Natação,119.8,239.6,139.93,Não,33.1,11.0,2025-03-29,Ativa
49,Masculino,7.0,Cardio,46.3,324.1,93.79,Sim,19.2,34.2,2025-04-09,Ativa
36,Outro,3.0,CrossFit,102.9,308.7,166.81,Sim,22.8,25.1,2022-10-23,Ativa
51,Outro,,Futebol,32.6,,240.89,Não,27.3,36.5,2020-12-30,Sedentária
22,Feminino,0.0,Musculação,37.6,0.0,188.4,Sim,23.3,12.3,2023-07-06,Sedentária
41,Outro,4.0,Futebol,45.3,181.2,282.12,Sim,31.1,29.7,2023-03-17,Ativa
22,Feminino,1.0,Fut,64.7,64.7,250.65,Não,32.2,39.7,2025-02-01,Ativa
40,Masculino,3.0,Cardio,100.1,300.3,193.95,Não,13.6,38.7,2020-10-13,Ativa
30,Outro,0.0,CrossFit,51.8,0.0,131.04,Não,31.7,34.7,2024-09-09,Sedentária
37,Masculino,6.0,Futebol,99.6,597.6,139.99,Não,25.3,12.2,2025-08-23,Ativa
54,Feminino,6.0,Cardio,90.9,545.4,270.09,Não,35.5,32.6,2025-08-08,Ativa
18,Masculino,2.0,Yoga,99.8,199.6,89.54,Não,17.4,19.9,2021-07-02,Ativa
42,Outro,6.0,Cardio,,,186.22,Não,21.9,19.5,2022-04-17,Ativa
57,Masculino,3.0,Cardio,117.9,353.7,92.36,Sim,36.5,11.3,2023-11-06,Ativa
24,Outro,,CrossFit,73.9,,109.61,Sim,37.3,24.1,2020-10-17,Sedentária
42,Outro,3.0,Musculação,79.1,237.3,81.12,Não,12.6,19.2,2020-12-20,Ativa
38,Outro,0.0,Cardio,104.0,0.0,153.38,Não,10.4,22.9,2025-01-21,Sedentária
51,Outro,0.0,Yoga,84.1,0.0,147.86,Não,34.2,27.7,2020-08-03,Sedentária
62,Outro,5.0,CrossFit,78.8,394.0,111.2,Sim,23.8,12.3,2020-06-21,Ativa
23,Feminino,2.0,CrossFit,69.9,139.8,274.24,Não,30.4,29.2,2021-08-27,Ativa
38,Feminino,1.0,Cardio,27.5,27.5,226.7,Sim,24.5,11.3,2020-01-28,Ativa
22,Feminino,5.0,Musculação,32.6,163.0,55.47,Não,35.5,34.9,2020-04-05,Ativa
57,Outro,1.0,Futebol,49.2,49.2,186.83,Sim,15.7,26.8,2020-11-04,Ativa
48,Outro,5.0,Musculação,57.4,287.0,200.31,Não,32.0,12.4,2024-09-22,Ativa
24,Masculino,5.0,CrossFit,64.8,324.0,182.39,Sim,19.1,16.1,2022-01-24,Ativa
46,Outro,1.0,Yoga,76.2,76.2,170.44,Sim,38.6,11.9,2022-10-15,Ativa
38,Feminino,4.0,Futebol,54.9,219.6,245.03,Sim,15.5,18.3,2023-04-16,Ativa
55,Masculino,4.0,Yoga,31.7,126.8,125.74,Sim,29.1,36.0,2021-10-28,Ativa
19,Feminino,2.0,Cardio,98.9,197.8,249.12,Sim,15.3,21.6,2020-03-16,Ativa
46,Masculino,5.0,Musculação,85.4,427.0,248.18,Não,11.4,12.5,2022-09-02,Ativa
59,Feminino,1.0,Cardio,114.4,114.4,242.16,Sim,33.7,18.4,2025-07-13,Ativa
23,Feminino,4.0,Natação,,,209.11,Não,25.2,31.7,2021-07-16,Ativa
55,Outro,5.0,Musculação,,,78.44,Sim,26.1,20.1,2023-08-11,Ativa
43,Outro,0.0,Yoga,87.2,0.0,210.79,Sim,28.1,35.8,2022-07-18,Sedentária
18,Masculino,1.0,CrossFit,34.2,34.2,286.81,Sim,21.8,31.7,2020-10-02,Ativa
19,Outro,2.0,CrossFit,74.9,149.8,80.3,Sim,27.8,37.3,2020-07-24,Ativa
40,Masculino,5.0,Cardio,83.5,417.5,206.05,Não,38.3,16.5,2020-06-12,Ativa
34,Feminino,2.0,CrossFit,92.5,185.0,278.7,Não,37.8,16.6,2025-07-06,Ativa
22,Feminino,2.0,Natação,109.6,219.2,85.12,Sim,38.0,23.5,2025-05-15,Ativa
48,Outro,5.0,Yoga,111.8,559.0,219.26,Não,18.0,22.4,2021-11-14,Ativa
52,Outro,5.0,Natação,65.5,327.5,88.36,Não,12.1,35.8,2025-05-21,Ativa
20,Masculino,1.0,Cardio,61.1,61.1,193.99,Sim,14.5,13.5,2023-06-05,Ativa
57,Feminino,,Natação,53.6,,233.01,Sim,26.4,30.9,2025-02-10,Sedentária
59,Masculino,4.0,Cardio,78.1,312.4,112.84,Sim,27.5,39.0,2024-03-29,Ativa
60,Outro,6.0,Natação,107.6,645.6,280.65,Sim,10.3,37.1,2023-01-03,Ativa
61,Feminino,4.0,Cardio,77.5,310.0,94.6,Sim,38.1,27.3,2024-04-29,Ativa
45,Masculino,4.0,Natacao,58.6,234.4,153.49,Sim,28.3,23.3,2022-07-26,Ativa
54,Masculino,2.0,Futebol,29.2,58.4,268.56,Sim,11.6,29.1,2022-02-23,Ativa
40,Masculino,7.0,Cardio,72.7,508.9,95.03,Não,34.3,22.9,2023-07-11,Ativa
35,Masculino,4.0,Cardio,58.6,234.4,266.8,Não,19.6,17.1,2020-10-26,Ativa
23,Feminino,4.0,Yoga,99.1,396.4,119.22,Sim,11.8,26.9,2022-08-27,Ativa
27,Outro,5.0,Futebol,84.3,421.5,206.49,Sim,29.9,38.4,2020-08-14,Ativa
62,Masculino,0.0,Futebol,39.4,0.0,189.92,Sim,35.8,35.1,2023-03-12,Sedentária
43,Masculino,5.0,CrossFit,81.4,407.0,94.98,Sim,27.0,20.3,2020-03-04,Ativa
33,Masculino,1.0,CrossFit,49.5,49.5,241.73,Não,17.7,13.8,2020-03-20,Ativa
58,Outro,2.0,Futebol,66.1,132.2,114.23,Não,25.4,38.2,2022-04-24,Ativa
28,Outro,6.0,Cardio,78.9,473.4,94.27,Sim,26.9,16.8,2025-07-05,Ativa
59,Masculino,3.0,Natação,27.6,82.8,230.26,Não,14.2,11.6,2022-10-30,Ativa
64,Feminino,7.0,Cardio,41.5,290.5,190.1,Sim,20.3,33.0,2022-12-01,Ativa
29,Masculino,0.0,Musculação,45.2,0.0,210.98,Não,19.1,39.5,2021-05-04,Sedentária
38,Feminino,2.0,Natação,112.4,224.8,76.19,Não,33.9,12.2,2021-10-23,Ativa
46,Masculino,,Cardio,90.1,,92.65,Não,27.9,23.6,2023-04-17,Sedentária
34,Masculino,4.0,Natação,30.2,120.8,135.99,Não,37.3,31.6,2021-04-30,Ativa
36,Masculino,0.0,Yoga,68.2,0.0,205.06,Não,21.7,24.5,2023-11-17,Sedentária
55,Feminino,3.0,Natação,27.7,83.1,92.31,Sim,23.8,13.9,2021-08-10,Ativa
35,Outro,4.0,Natação,105.2,420.8,237.46,Sim,24.4,35.7,2025-07-28,Ativa
62,Masculino,5.0,Musculação,46.1,230.5,205.0,Sim,36.1,26.8,2023-06-02,Ativa
42,Outro,4.0,Musculação,83.1,332.4,261.27,Sim,38.3,30.8,2025-07-14,Ativa
59,Masculino,,Musculação,91.3,,99.3,Não,23.5,33.7,2025-04-10,Sedentária
48,Masculino,0.0,Futebol,37.8,0.0,207.18,Sim,19.3,19.3,2022-08-30,Sedentária
40,Masculino,2.0,Futebol,79.4,158.8,96.77,Sim,17.6,29.2,2022-08-30,Ativa
34,Outro,3.0,Fut,105.8,317.4,220.18,Não,24.7,28.2,2025-08-22,Ativa
50,Feminino,2.0,Natação,86.4,172.8,181.14,Não,39.6,18.1,2021-10-12,Ativa
62,Masculino,3.0,Yoga,52.8,158.4,215.53,Não,37.3,16.4,2022-02-05,Ativa
42,Feminino,1.0,Yoga,36.7,36.7,73.21,Sim,30.6,38.7,2022-03-17,Ativa
41,Feminino,5.0,Musculação,111.6,558.0,51.91,Sim,30.5,25.9,2022-04-07,Ativa
28,Outro,1.0,Musculação,42.4,42.4,99.7,Não,20.5,24.4,2020-01-14,Ativa
54,Masculino,,Yoga,27.6,,197.23,Não,39.6,29.0,2025-02-12,Sedentária
47,Masculino,5.0,Natação,100.6,503.0,269.75,Sim,32.1,12.2,2025-05-31,Ativa
63,Outro,3.0,Natação,22.5,67.5,112.26,Sim,22.4,18.9,2021-04-16,Ativa
47,Outro,4.0,Musculação,71.3,285.2,278.31,Sim,35.9,31.2,2020-01-05,Ativa
37,Outro,5.0,Cardio,42.4,212.0,173.11,Não,22.3,35.3,2024-09-02,Ativa
35,Feminino,,Futebol,108.1,,295.14,Não,36.2,17.0,2021-01-30,Sedentária
62,Masculino,7.0,CrossFit,59.9,419.3,220.76,Não,15.5,23.8,2024-12-29,Ativa
31,Outro,0.0,CrossFit,104.0,0.0,147.97,Sim,13.6,10.8,2022-08-20,Sedentária
49,Outro,7.0,Yoga,35.1,245.7,254.22,Sim,32.0,19.1,2024-07-11,Ativa
52,Feminino,2.0,Yoga,89.8,179.6,106.93,Não,13.5,39.1,2024-11-16,Ativa
61,Feminino,1.0,Yoga,78.1,78.1,132.26,Sim,20.5,13.4,2022-11-14,Ativa
24,Masculino,3.0,CrossFit,109.0,327.0,153.33,Não,24.6,19.9,2023-04-21,Ativa
27,Feminino,2.0,CrossFit,80.8,161.6,156.16,Não,26.7,35.4,2020-07-31,Ativa
25,Outro,7.0,Musculação,39.4,275.8,277.95,Sim,14.0,27.0,2024-08-16,Ativa
62,Masculino,5.0,Cardio,87.8,439.0,242.24,Não,27.5,35.8,2025-06-12,Ativa
64,Feminino,1.0,Swimming,89.3,89.3,260.35,Não,36.2,35.2,2023-08-29,Ativa
23,Feminino,4.0,Musculação,56.5,226.0,54.64,Sim,25.3,28.3,2025-02-19,Ativa
52,Feminino,1.0,Yoga,113.3,113.3,242.75,Não,10.5,10.8,2020-07-11,Ativa
21,Masculino,4.0,Cardio,78.0,312.0,234.91,Sim,13.0,26.7,2023-11-25,Ativa
53,Feminino,4.0,Cardio,65.7,262.8,92.36,Não,12.5,22.0,2021-11-16,Ativa
53,Outro,7.0,Futebol,,,256.47,Não,32.4,31.3,2021-08-04,Ativa
49,Masculino,4.0,Futebol,69.1,276.4,284.31,Sim,16.4,17.0,2024-08-18,Ativa
50,Feminino,5.0,Yoga,23.6,118.0,56.64,Não,31.8,37.6,2024-11-21,Ativa
39,Masculino,1.0,Yoga,88.5,88.5,184.34,Sim,11.9,16.6,2020-02-13,Ativa
20,Masculino,3.0,Yoga,51.1,153.3,215.64,Não,37.5,25.6,2023-05-29,Ativa
64,Outro,6.0,Futebol,40.2,241.2,171.4,Não,17.7,16.6,2024-09-28,Ativa
26,Outro,7.0,Natação,68.9,482.3,160.86,Sim,24.9,14.6,2022-10-17,Ativa
29,Feminino,1.0,Cardio,72.4,72.4,122.53,Não,12.5,22.6,2023-08-18,Ativa
51,Outro,5.0,Musculação,34.4,172.0,239.33,Sim,25.9,17.6,2021-01-28,Ativa
18,Feminino,1.0,Futebol,110.8,110.8,247.63,Sim,21.5,26.0,2024-05-23,Ativa
43,Feminino,4.0,Yoga,,,154.89,Sim,24.6,39.7,2024-10-19,Ativa
29,Masculino,,Natação,48.6,,279.82,Sim,17.3,33.2,2024-10-05,Sedentária
24,Outro,2.0,Musculação,85.6,171.2,81.0,Sim,38.3,17.4,2022-03-22,Ativa
49,Feminino,2.0,CrossFit,21.7,43.4,188.92,Não,19.2,19.0,2023-08-27,Ativa
51,Feminino,1.0,Musculação,28.0,28.0,129.37,Sim,15.8,34.0,2025-04-08,Ativa
35,Outro,7.0,Cardio,108.7,760.9,99.64,Sim,26.3,17.4,2022-02-19,Ativa
62,Masculino,5.0,Musculação,77.2,386.0,245.16,Sim,10.0,19.3,2023-03-17,Ativa
32,Outro,4.0,Natação,21.0,84.0,57.3,Não,25.3,27.7,2022-07-06,Ativa
19,Feminino,3.0,CrossFit,40.9,122.7,177.92,Sim,28.5,20.4,2023-05-26,Ativa
58,Feminino,,Yoga,104.1,,142.1,Não,30.5,37.7,2022-06-26,Sedentária
31,Masculino,0.0,Cardio,82.7,0.0,112.67,Sim,15.7,38.3,2022-07-02,Sedentária
39,Outro,4.0,Yoga,24.2,96.8,123.56,Sim,26.5,31.0,2021-09-15,Ativa
18,Feminino,1.0,Natação,93.3,93.3,214.31,Sim,12.7,18.9,2025-02-17,Ativa
42,Masculino,5.0,Natação,35.1,175.5,206.81,Não,38.4,19.9,2025-03-15,Ativa
63,Feminino,1.0,CrossFit,59.5,59.5,100.44,Sim,16.5,26.8,2021-04-24,Ativa
55,Outro,4.0,CrossFit,82.0,328.0,122.53,Não,10.3,26.1,2022-03-29,Ativa
48,Masculino,1.0,Musculação,35.9,35.9,200.48,Não,34.6,39.5,2022-10-23,Ativa
22,Outro,4.0,Futebol,111.8,447.2,61.18,Sim,16.9,36.1,2022-09-12,Ativa
45,Masculino,3.0,Cardio,99.6,298.8,210.95,Sim,15.1,13.6,2021-12-14,Ativa
55,Outro,7.0,Natação,20.2,141.4,78.34,Sim,25.0,20.5,2021-08-22,Ativa
54,Feminino,1.0,Yoga,30.8,30.8,123.65,Não,38.5,28.9,2021-09-06,Ativa
57,Masculino,7.0,Yoga,30.7,214.9,239.93,Não,39.8,14.1,2023-11-16,Ativa
62,Outro,3.0,Yoga,21.9,65.7,100.09,Sim,22.9,20.6,2024-02-01,Ativa
55,Feminino,1.0,Cardio,39.7,39.7,248.33,Sim,35.6,17.8,2021-08-17,Ativa
31,Outro,0.0,Cardio,75.3,0.0,291.19,Não,39.0,36.8,2022-10-03,Sedentária
21,Outro,4.0,Cardio,70.9,283.6,157.23,Sim,34.4,37.3,2020-02-29,Ativa
49,Feminino,3.0,Cardio,71.7,215.1,165.98,Sim,36.0,38.8,2021-11-25,Ativa
25,Feminino,7.0,Natação,52.0,364.0,186.95,Sim,27.9,22.6,2025-05-21,Ativa
44,Feminino,4.0,Futebol,74.1,296.4,71.54,Não,30.6,13.3,2024-10-03,Ativa
23,Outro,0.0,Musculação,61.5,0.0,225.59,Não,21.3,29.3,2020-11-29,Sedentária
41,Outro,5.0,Musculação,75.8,379.0,131.03,Sim,26.4,15.8,2022-02-28,Ativa
19,Outro,0.0,Swimming,25.0,0.0,169.4,Sim,20.8,36.9,2023-01-20,Sedentária
44,Feminino,5.0,Natação,20.9,104.5,107.01,Sim,25.0,12.5,2020-07-27,Ativa
18,Feminino,5.0,Futebol,95.2,476.0,68.11,Não,23.8,35.9,2021-02-01,Ativa
43,Masculino,2.0,CrossFit,49.7,99.4,236.46,Sim,25.9,30.3,2022-07-24,Ativa
59,Masculino,1.0,Natação,87.5,87.5,143.76,Não,20.0,10.0,2021-06-09,Ativa
33,Feminino,3.0,CrossFit,115.6,346.8,173.89,Sim,18.4,26.8,2020-10-26,Ativa
50,Masculino,1.0,CrossFit,108.5,108.5,82.22,Não,36.6,38.1,2025-04-23,Ativa
48,Feminino,1.0,Yoga,47.1,47.1,93.96,Não,35.9,39.6,2024-10-29,Ativa
47,Feminino,2.0,Yoga,100.3,200.6,163.96,Sim,24.3,37.2,2022-04-12,Ativa
22,Masculino,2.0,Natação,99.2,198.4,136.45,Não,39.6,32.6,2021-05-11,Ativa
52,Outro,4.0,CrossFit,24.3,97.2,205.15,Sim,29.2,29.0,2021-06-08,Ativa
63,Masculino,4.0,Cardio,112.2,448.8,120.1,Não,23.1,14.4,2023-11-11,Ativa
40,Outro,,Musculação,,,54.78,Sim,24.2,25.3,2020-04-06,Sedentária
28,Feminino,6.0,Natação,32.8,196.8,201.02,Não,15.8,32.3,2021-10-02,Ativa
44,Outro,5.0,Futebol,97.1,485.5,172.53,Sim,20.0,39.6,2025-07-07,Ativa
23,Feminino,5.0,Futebol,116.9,584.5,110.08,Não,10.9,24.7,2021-01-02,Ativa
52,Masculino,2.0,CrossFit,61.4,122.8,219.5,Sim,32.3,15.2,2021-08-01,Ativa
40,Feminino,0.0,Cardio,103.8,0.0,227.72,Sim,10.4,15.1,2024-11-07,Sedentária
57,Feminino,1.0,Cardio,36.2,36.2,217.17,Não,14.6,24.9,2021-04-09,Ativa
58,Feminino,6.0,Cardio,37.8,226.8,65.33,Não,22.9,12.9,2024-04-22,Ativa
23,Feminino,7.0,Natação,104.3,730.1,166.02,Sim,12.9,30.8,2022-01-28,Ativa
45,Masculino,1.0,Yoga,83.5,83.5,295.1,Não,29.6,30.3,2022-07-03,Ativa
57,Masculino,4.0,Yoga,,,105.98,Não,33.8,36.4,2021-02-25,Ativa
29,Feminino,4.0,Cardio,,,156.43,Sim,18.7,18.2,2020-01-28,Ativa
26,Masculino,5.0,Futebol,46.6,233.0,270.48,Não,39.1,36.8,2021-02-04,Ativa
35,Feminino,6.0,Yoga,30.8,184.8,186.99,Não,11.9,24.5,2022-03-05,Ativa
36,Outro,4.0,Natação,114.1,456.4,282.77,Sim,20.2,22.6,2021-12-19,Ativa
46,Outro,6.0,Natação,69.1,414.6,79.49,Sim,24.3,14.8,2021-08-18,Ativa
40,Masculino,7.0,Natação,102.2,715.4,235.15,Não,10.3,24.8,2023-02-26,Ativa
42,Feminino,4.0,Natação,45.7,182.8,152.86,Não,12.6,19.7,2024-11-28,Ativa
50,Feminino,7.0,Musculação,102.8,719.6,206.15,Sim,10.9,39.9,2023-12-17,Ativa
64,Feminino,2.0,Cardio,114.2,228.4,286.35,Não,37.0,37.4,2023-10-09,Ativa
22,Masculino,2.0,Yoga,94.7,189.4,251.29,Não,12.9,37.2,2021-09-26,Ativa
31,Masculino,0.0,CrossFit,118.7,0.0,178.51,Não,39.1,26.3,2022-10-09,Sedentária
49,Masculino,4.0,Musculação,74.0,296.0,76.35,Sim,13.1,13.1,2022-04-30,Ativa
60,Feminino,4.0,Natação,58.6,234.4,297.83,Não,16.3,35.9,2024-05-09,Ativa
44,Masculino,7.0,Futebol,106.8,747.6,239.96,Sim,11.7,14.8,2025-07-06,Ativa
36,Feminino,6.0,Futebol,114.6,687.6,125.91,Sim,23.4,21.6,2023-08-10,Ativa
51,Masculino,4.0,CrossFit,93.6,374.4,98.95,Não,15.2,13.6,2025-04-24,Ativa
47,Feminino,4.0,Cardio,32.3,129.2,212.69,Não,13.9,18.6,2024-10-11,Ativa
53,Masculino,1.0,Yoga,85.4,85.4,214.72,Sim,26.5,11.4,2022-07-08,Ativa
62,Outro,7.0,Musculação,115.7,809.9,139.26,Não,20.2,12.9,2025-04-28,Ativa
37,Masculino,4.0,Natação,116.6,466.4,155.93,Sim,31.4,11.8,2023-01-27,Ativa
43,Outro,1.0,Futebol,115.7,115.7,179.97,Sim,26.4,23.1,2021-05-11,Ativa
45,Feminino,2.0,Yoga,101.6,203.2,117.5,Não,35.0,19.9,2022-04-10,Ativa
37,Masculino,7.0,Yoga,74.5,521.5,233.05,Sim,39.7,36.7,2024-03-05,Ativa
25,Feminino,2.0,Natação,27.4,54.8,223.47,Sim,25.1,37.8,2020-06-28,Ativa
27,Outro,4.0,Musculação,73.7,294.8,250.33,Sim,36.2,13.2,2024-03-03,Ativa
34,Masculino,1.0,Musculação,27.9,27.9,135.5,Não,17.3,12.9,2023-08-23,Ativa
43,Masculino,5.0,Cardio,40.7,203.5,99.92,Sim,29.2,38.6,2024-11-19,Ativa
54,Masculino,0.0,CrossFit,92.6,0.0,74.3,Sim,21.8,27.4,2024-12-31,Sedentária
31,Masculino,2.0,Fut,38.4,76.8,133.72,Sim,24.9,15.7,2022-10-17,Ativa
47,Outro,5.0,Futebol,,,206.18,Sim,26.6,31.8,2025-06-14,Ativa
62,Masculino,2.0,Musculação,95.4,190.8,99.39,Não,37.2,12.0,2023-09-26,Ativa
47,Outro,2.0,Futebol,102.6,205.2,77.29,Não,10.2,36.6,2020-07-13,Ativa
18,Feminino,7.0,Yoga,74.0,518.0,219.7,Não,23.6,25.0,2021-12-31,Ativa
39,Outro,6.0,Natação,47.8,286.8,73.0,Não,25.3,15.6,2021-03-09,Ativa
63,Outro,6.0,Futebol,43.7,262.2,141.46,Sim,25.9,36.2,2025-09-02,Ativa
32,Outro,,Musculação,48.6,,244.14,Sim,10.8,28.4,2025-08-02,Sedentária
55,Masculino,3.0,Futebol,61.3,183.9,56.15,Sim,21.3,37.5,2020-10-20,Ativa
28,Outro,6.0,CrossFit,87.1,522.6,156.88,Não,36.5,11.5,2021-08-07,Ativa
22,Masculino,1.0,Natação,93.7,93.7,231.22,Não,34.8,10.1,2022-03-22,Ativa
36,Outro,5.0,Natação,43.1,215.5,128.96,Sim,17.0,31.3,2021-01-14,Ativa
33,Outro,1.0,Natação,104.4,104.4,280.2,Não,11.9,15.0,2021-02-01,Ativa
37,Feminino,2.0,Yoga,24.9,49.8,287.33,Sim,15.7,28.3,2025-07-20,Ativa
57,Masculino,7.0,Cardio,119.0,833.0,213.65,Sim,15.3,24.3,2024-06-02,Ativa
18,Feminino,0.0,Cardio,111.9,0.0,282.4,Sim,33.2,28.7,2020-11-01,Sedentária
30,Outro,3.0,Yoga,55.8,167.4,227.35,Não,28.6,27.8,2020-09-11,Ativa
54,Feminino,3.0,Yoga,27.5,82.5,79.99,Sim,34.8,37.9,2021-09-26,Ativa
44,Masculino,3.0,Yoga,106.3,318.9,199.91,Não,28.0,34.8,2022-03-02,Ativa
45,Feminino,2.0,CrossFit,23.1,46.2,258.86,Não,28.8,22.9,2025-03-21,Ativa
48,Feminino,4.0,Cardio,97.4,389.6,269.7,Sim,16.7,18.1,2024-11-10,Ativa
36,Outro,2.0,Natação,86.9,173.8,296.28,Sim,15.0,23.7,2020-09-16,Ativa
60,Feminino,1.0,Yoga,,,55.86,Sim,32.7,26.5,2020-03-20,Ativa
37,Masculino,2.0,Futebol,111.2,222.4,115.03,Sim,11.3,20.7,2020-06-24,Ativa
44,Masculino,6.0,Yoga,38.8,232.8,199.17,Não,18.4,25.6,2024-04-11,Ativa
59,Outro,6.0,Yoga,119.0,714.0,140.94,Sim,37.4,26.1,2022-01-28,Ativa
47,Outro,5.0,Swimming,73.7,368.5,155.2,Sim,25.4,11.0,2021-08-30,Ativa
42,Masculino,5.0,Musculação,53.0,265.0,87.52,Não,34.9,36.4,2022-04-02,Ativa
26,Feminino,5.0,CrossFit,70.3,351.5,264.75,Não,39.0,38.0,2023-06-21,Ativa
23,Feminino,1.0,Musculação,39.1,39.1,119.62,Sim,25.3,36.1,2023-10-08,Ativa
58,Masculino,7.0,Cardio,76.7,536.9,67.41,Não,34.6,18.5,2023-06-25,Ativa
50,Feminino,0.0,CrossFit,114.5,0.0,244.35,Sim,32.4,33.7,2025-04-16,Sedentária
19,Masculino,3.0,Cardio,70.5,211.5,189.4,Não,32.6,30.7,2020-10-21,Ativa
53,Outro,3.0,Musculação,33.1,99.3,113.43,Sim,38.4,39.7,2020-11-04,Ativa
41,Outro,3.0,Yoga,64.1,192.3,254.29,Não,23.5,29.7,2024-06-16,Ativa
24,Outro,4.0,Yoga,29.9,119.6,127.39,Não,27.2,29.3,2023-08-29,Ativa
25,Outro,6.0,Cardio,33.7,202.2,167.28,Não,23.7,28.3,2021-06-09,Ativa
64,Feminino,2.0,Yoga,102.5,205.0,255.85,Sim,15.8,11.3,2021-09-30,Ativa
41,Masculino,4.0,Yoga,23.8,95.2,296.55,Sim,12.9,21.7,2021-06-26,Ativa
19,Outro,2.0,Natação,22.3,44.6,287.92,Não,20.1,15.1,2021-12-24,Ativa
33,Masculino,7.0,Musculação,118.0,826.0,167.18,Sim,12.7,37.9,2020-05-24,Ativa
42,Outro,0.0,Musculação,100.8,0.0,262.13,Sim,39.3,17.7,2020-08-28,Sedentária
49,Outro,1.0,Natação,119.1,119.1,102.55,Não,14.3,36.5,2020-04-17,Ativa
48,Outro,7.0,Musculação,49.8,348.6,276.53,Não,21.8,39.5,2025-02-18,Ativa
34,Outro,3.0,Natação,76.6,229.8,109.05,Sim,31.0,30.1,2025-07-24,Ativa
55,Masculino,,CrossFit,81.7,,158.97,Sim,19.7,15.5,2023-07-27,Sedentária
38,Masculino,1.0,Cardio,44.5,44.5,56.94,Sim,30.5,13.0,2022-12-31,Ativa
43,Feminino,,Yoga,118.5,,77.51,Sim,13.3,38.7,2021-11-17,Sedentária
61,Outro,1.0,Cardio,47.1,47.1,227.12,Não,20.4,34.2,2024-05-05,Ativa
30,Outro,0.0,Yoga,32.0,0.0,60.02,Sim,38.5,15.6,2020-04-30,Sedentária
61,Feminino,5.0,Natação,84.3,421.5,293.74,Não,13.0,34.5,2025-01-09,Ativa
42,Outro,0.0,CrossFit,81.2,0.0,183.39,Não,37.0,39.0,2024-01-05,Sedentária
38,Feminino,6.0,CrossFit,25.8,154.8,75.77,Não,37.6,39.5,2021-12-02,Ativa
20,Feminino,6.0,Musculação,59.7,358.2,228.71,Sim,31.5,33.7,2020-03-20,Ativa
58,Outro,1.0,Yoga,29.2,29.2,240.01,Não,27.7,15.5,2020-01-01,Ativa
40,Feminino,0.0,CrossFit,89.9,0.0,277.99,Não,27.2,11.7,2020-09-08,Sedentária
29,Outro,4.0,CrossFit,100.3,401.2,130.92,Não,34.5,11.0,2024-02-12,Ativa
20,Feminino,6.0,Futebol,94.2,565.2,65.2,Não,21.1,18.8,2021-02-15,Ativa
61,Outro,4.0,Musculação,43.4,173.6,246.39,Sim,24.2,10.6,2020-09-06,Ativa
54,Masculino,6.0,Musculação,63.9,383.4,157.28,Sim,21.8,37.2,2023-02-04,Ativa
49,Outro,0.0,Natação,101.2,0.0,170.75,Sim,32.2,38.0,2024-10-09,Sedentária
25,Masculino,7.0,Futebol,82.7,578.9,289.36,Sim,22.5,17.5,2021-07-14,Ativa
31,Feminino,3.0,Natação,92.7,278.1,89.51,Não,10.5,29.5,2023-07-29,Ativa
27,Feminino,3.0,Natação,33.4,100.2,130.06,Não,10.8,35.5,2020-01-31,Ativa
47,Masculino,0.0,CrossFit,115.7,0.0,241.62,Não,33.3,21.8,2023-05-16,Sedentária
45,Outro,6.0,Cardio,57.9,347.4,217.11,Sim,14.0,19.5,2024-11-10,Ativa
25,Masculino,6.0,Yoga,52.7,316.2,224.57,Sim,18.3,23.8,2023-11-28,Ativa
39,Feminino,7.0,Futebol,49.8,348.6,168.24,Não,32.5,19.0,2020-06-04,Ativa
23,Masculino,5.0,Cardio,111.3,556.5,153.2,Não,16.4,22.2,2025-01-05,Ativa
37,Feminino,0.0,Musculação,31.8,0.0,237.28,Sim,10.6,23.6,2021-07-29,Sedentária
44,Outro,0.0,CrossFit,90.8,0.0,195.32,Sim,12.0,21.4,2024-11-06,Sedentária
56,Masculino,4.0,Yoga,110.3,441.2,124.85,Sim,25.4,27.2,2020-12-22,Ativa
39,Masculino,3.0,Futebol,34.9,104.7,254.68,Não,12.4,12.9,2020-10-06,Ativa
42,Masculino,4.0,Futebol,64.3,257.2,209.83,Sim,27.1,39.1,2023-10-29,Ativa
40,Feminino,,Futebol,82.5,,95.8,Não,38.2,18.1,2022-09-11,Sedentária
56,Masculino,3.0,Futebol,31.3,93.9,191.58,Sim,29.3,32.6,2023-08-13,Ativa
47,Outro,0.0,Futebol,88.4,0.0,266.77,Não,14.1,31.8,2021-07-16,Sedentária
60,Masculino,5.0,Yoga,79.9,399.5,194.98,Sim,28.1,30.9,2020-07-27,Ativa
64,Feminino,7.0,Yoga,87.8,614.6,164.24,Não,38.0,27.0,2021-07-10,Ativa
35,Feminino,2.0,Cardio,55.7,111.4,132.15,Sim,16.8,14.1,2024-09-10,Ativa
38,Feminino,6.0,CrossFit,79.1,474.6,158.82,Não,38.3,23.6,2022-05-15,Ativa
23,Feminino,0.0,CrossFit,31.0,0.0,128.93,Não,39.1,35.6,2024-12-13,Sedentária
57,Outro,1.0,Futebol,73.4,73.4,156.48,Sim,26.1,23.9,2021-05-22,Ativa
18,Feminino,1.0,Natação,65.2,65.2,117.89,Não,20.3,33.9,2021-11-08,Ativa
39,Outro,4.0,CrossFit,67.0,268.0,267.12,Não,22.8,29.3,2021-11-05,Ativa
33,Feminino,3.0,Yoga,90.4,271.2,100.06,Não,15.3,11.5,2020-08-03,Ativa
46,Feminino,6.0,CrossFit,65.6,393.6,283.75,Sim,22.6,32.1,2024-04-07,Ativa
43,Masculino,3.0,CrossFit,32.9,98.7,246.3,Sim,33.2,12.3,2022-01-12,Ativa
30,Outro,0.0,Cardio,95.8,0.0,75.19,Sim,33.0,27.0,2025-05-17,Sedentária
37,Outro,0.0,CrossFit,116.3,0.0,57.43,Sim,30.4,37.4,2022-04-21,Sedentária
56,Masculino,7.0,Yoga,20.9,146.3,154.72,Sim,19.6,14.7,2023-09-10,Ativa
21,Feminino,4.0,Cardio,28.0,112.0,193.01,Não,29.1,12.6,2023-05-21,Ativa
55,Feminino,0.0,Musculação,69.4,0.0,88.23,Sim,30.8,17.3,2021-07-08,Sedentária
64,Outro,6.0,Futebol,92.4,554.4,226.28,Sim,30.3,20.2,2020-08-17,Ativa
57,Outro,3.0,Musculação,44.3,132.9,84.35,Sim,14.0,34.4,2020-08-08,Ativa
40,Masculino,4.0,Natação,118.0,472.0,167.56,Não,37.9,16.6,2024-02-09,Ativa
60,Outro,3.0,CrossFit,28.2,84.6,104.37,Sim,19.1,17.5,2024-12-21,Ativa
62,Outro,2.0,CrossFit,77.4,154.8,103.04,Sim,29.5,12.3,2022-10-19,Ativa
48,Masculino,0.0,Yoga,23.5,0.0,139.76,Sim,32.1,28.7,2023-07-13,Sedentária
32,Feminino,,CrossFit,91.2,,96.6,Não,24.6,12.8,2020-01-11,Sedentária
51,Masculino,2.0,Natação,91.6,183.2,120.03,Sim,31.8,37.8,2022-05-29,Ativa
21,Feminino,4.0,Natação,117.1,468.4,154.98,Não,13.6,10.8,2023-08-31,Ativa
48,Outro,4.0,Natação,88.3,353.2,267.2,Sim,10.2,28.1,2020-09-05,Ativa
53,Feminino,7.0,Cardio,27.7,193.9,177.46,Sim,23.8,30.7,2025-05-09,Ativa
23,Outro,2.0,CrossFit,48.2,96.4,244.72,Sim,36.9,31.3,2025-01-18,Ativa
42,Outro,3.0,Yoga,44.6,133.8,127.62,Não,19.1,13.6,2020-04-29,Ativa
25,Masculino,0.0,Yoga,61.7,0.0,243.8,Não,26.8,12.3,2024-09-16,Sedentária
32,Masculino,7.0,Cardio,69.2,484.4,82.6,Não,27.8,29.2,2020-03-27,Ativa
25,Feminino,,Cardio,35.0,,174.5,Sim,21.9,29.9,2022-12-25,Sedentária
22,Feminino,5.0,Yoga,56.8,284.0,137.14,Sim,32.1,10.4,2023-12-20,Ativa
34,Feminino,0.0,CrossFit,103.8,0.0,137.57,Não,28.3,37.2,2022-02-25,Sedentária
48,Masculino,3.0,Natação,60.5,181.5,114.2,Sim,11.8,37.2,2021-09-09,Ativa
36,Masculino,0.0,Yoga,39.0,0.0,191.16,Sim,27.4,34.4,2023-12-10,Sedentária
35,Masculino,5.0,Futebol,69.1,345.5,125.35,Sim,15.6,28.8,2021-09-04,Ativa
54,Feminino,5.0,Natação,72.2,361.0,141.11,Sim,36.9,32.4,2022-08-21,Ativa
47,Feminino,5.0,CrossFit,47.5,237.5,245.77,Não,34.4,25.0,2020-12-18,Ativa
36,Masculino,2.0,Musculação,96.8,193.6,78.04,Sim,37.6,30.5,2021-02-25,Ativa
22,Outro,6.0,CrossFit,108.9,653.4,121.2,Sim,34.7,21.8,2021-08-03,Ativa
28,Outro,,Natação,115.9,,177.24,Sim,23.1,35.5,2024-04-27,Sedentária
63,Masculino,7.0,Futebol,77.2,540.4,260.81,Não,23.4,10.6,2024-08-20,Ativa
51,Masculino,7.0,Musculação,104.2,729.4,144.44,Não,32.4,15.4,2021-04-17,Ativa
32,Feminino,0.0,Cardio,42.4,0.0,239.71,Não,14.5,28.0,2023-07-06,Sedentária
59,Masculino,7.0,Futebol,106.3,744.1,253.51,Sim,33.3,19.2,2022-11-03,Ativa
50,Masculino,1.0,Futebol,77.2,77.2,163.49,Sim,32.8,14.7,2023-11-19,Ativa
60,Masculino,0.0,Musculação,55.7,0.0,157.09,Não,22.0,37.2,2024-08-15,Sedentária
29,Feminino,5.0,Musculação,88.4,442.0,107.57,Sim,20.0,37.0,2022-10-15,Ativa
42,Outro,7.0,Cardio,74.7,522.9,256.52,Não,37.0,20.9,2020-08-01,Ativa
48,Masculino,0.0,Musculação,24.8,0.0,225.76,Sim,11.2,33.5,2021-12-23,Sedentária
37,Feminino,6.0,Natação,36.0,216.0,251.27,Não,17.0,24.8,2023-06-26,Ativa
54,Masculino,7.0,Yoga,119.6,837.2,295.72,Não,16.9,12.2,2023-04-19,Ativa
61,Masculino,5.0,Yoga,39.1,195.5,182.69,Sim,38.8,11.3,2023-06-28,Ativa
53,Outro,5.0,Cardio,54.1,270.5,167.36,Não,35.2,17.9,2020-10-24,Ativa
64,Feminino,6.0,CrossFit,94.8,568.8,139.31,Sim,10.3,28.2,2022-05-29,Ativa
25,Masculino,2.0,Cardio,39.7,79.4,121.79,Sim,26.0,31.0,2025-01-01,Ativa
59,Masculino,1.0,Musculação,77.6,77.6,73.78,Não,11.1,39.5,2021-01-29,Ativa
25,Feminino,,Cardio,90.8,,189.87,Não,11.8,13.4,2021-08-19,Sedentária
25,Masculino,6.0,Yoga,72.2,433.2,184.87,Não,17.1,32.6,2022-03-24,Ativa
49,Outro,0.0,Musculação,20.5,0.0,279.43,Não,19.4,30.0,2023-08-30,Sedentária
56,Masculino,4.0,Yoga,102.6,410.4,297.4,Sim,23.7,16.7,2023-03-05,Ativa
51,Masculino,1.0,CrossFit,69.7,69.7,191.06,Não,14.5,10.1,2022-06-30,Ativa
26,Feminino,4.0,Natação,96.6,386.4,234.12,Sim,17.3,14.9,2021-09-09,Ativa
46,Outro,6.0,Yoga,91.1,546.6,278.26,Sim,20.4,11.9,2024-01-10,Ativa
64,Outro,4.0,CrossFit,106.8,427.2,59.51,Sim,11.4,23.5,2022-07-05,Ativa
31,Feminino,5.0,Yoga,107.6,538.0,271.34,Não,30.4,10.3,2021-02-23,Ativa
48,Feminino,7.0,Musculação,98.0,686.0,216.18,Sim,27.1,16.8,2020-08-12,Ativa
40,Feminino,6.0,Cardio,47.2,283.2,203.66,Não,16.2,13.4,2021-02-10,Ativa
49,Outro,3.0,CrossFit,46.8,140.4,149.32,Não,12.9,28.5,2024-05-26,Ativa
21,Feminino,2.0,Swimming,25.3,50.6,88.56,Não,29.1,13.1,2023-05-20,Ativa
31,Masculino,1.0,Fut,80.2,80.2,272.24,Não,30.5,33.4,2024-10-05,Ativa
21,Feminino,7.0,Natação,42.6,298.2,154.81,Sim,39.2,23.7,2023-01-24,Ativa
25,Outro,5.0,Musculação,93.9,469.5,296.32,Não,14.1,27.1,2020-10-01,Ativa
43,Feminino,,Yoga,98.2,,86.52,Não,12.2,19.4,2021-05-27,Sedentária
41,Outro,,Cardio,106.7,,263.0,Sim,10.5,25.8,2021-01-17,Sedentária
52,Masculino,0.0,Cardio,88.6,0.0,80.48,Não,17.9,33.2,2023-11-07,Sedentária
44,Masculino,3.0,Natação,32.5,97.5,216.06,Sim,20.1,32.7,2023-04-15,Ativa
45,Outro,1.0,Cardio,68.1,68.1,252.87,Não,29.9,39.7,2023-05-04,Ativa
21,Feminino,6.0,CrossFit,88.8,532.8,196.17,Sim,32.0,21.8,2021-07-06,Ativa
21,Outro,6.0,Cardio,114.8,688.8,278.06,Sim,12.8,26.0,2024-07-20,Ativa
23,Feminino,4.0,Musculação,24.1,96.4,242.71,Não,24.8,16.8,2023-10-06,Ativa
44,Feminino,6.0,Musculação,82.9,497.4,183.85,Não,28.2,18.0,2021-05-03,Ativa
26,Outro,,Natação,62.0,,153.16,Não,25.9,21.6,2022-01-21,Sedentária
30,Outro,5.0,Musculação,50.7,253.5,273.93,Não,16.0,20.3,2024-03-03,Ativa
34,Outro,7.0,Cardio,80.2,561.4,246.54,Sim,14.0,38.1,2021-03-09,Ativa
45,Feminino,5.0,Musculação,119.7,598.5,122.0,Não,27.1,31.8,2022-12-01,Ativa
30,Masculino,7.0,Musculação,27.9,195.3,86.57,Não,30.3,10.8,2025-09-05,Ativa
56,Feminino,6.0,Musculação,86.2,517.2,67.88,Sim,38.8,17.7,2023-04-19,Ativa
25,Feminino,3.0,Cardio,68.7,206.1,238.05,Não,20.0,10.6,2024-10-02,Ativa
22,Feminino,5.0,Futebol,117.9,589.5,280.35,Não,10.3,31.2,2021-12-11,Ativa
63,Outro,3.0,Cardio,55.3,165.9,67.66,Sim,32.5,13.6,2024-01-27,Ativa
35,Outro,4.0,CrossFit,109.4,437.6,58.7,Não,18.7,30.3,2024-09-12,Ativa
35,Outro,0.0,Cardio,93.7,0.0,279.53,Sim,20.8,38.7,2022-01-18,Sedentária
29,Feminino,6.0,Futebol,104.2,625.2,163.0,Sim,30.4,17.9,2023-09-18,Ativa
25,Masculino,2.0,Natacao,35.0,70.0,260.98,Não,20.5,31.9,2022-10-23,Ativa
58,Feminino,0.0,Yoga,60.6,0.0,289.46,Sim,10.4,10.2,2022-03-03,Sedentária
19,Feminino,5.0,Cardio,87.6,438.0,239.12,Não,37.4,30.1,2020-10-10,Ativa
54,Masculino,7.0,Yoga,57.5,402.5,289.14,Não,23.5,10.5,2025-06-21,Ativa
53,Feminino,5.0,Futebol,65.3,326.5,91.5,Não,23.7,37.2,2020-12-31,Ativa
33,Masculino,3.0,Musculação,116.6,349.8,249.1,Sim,12.3,25.1,2024-01-12,Ativa
55,Outro,,Natação,45.7,,119.32,Sim,28.2,14.5,2023-04-26,Sedentária
30,Outro,7.0,Yoga,64.0,448.0,75.44,Não,33.0,20.7,2025-05-14,Ativa
38,Outro,2.0,Musculação,117.5,235.0,72.42,Sim,25.3,25.9,2024-05-19,Ativa
60,Feminino,1.0,CrossFit,79.3,79.3,253.85,Sim,33.2,20.8,2021-06-21,Ativa
23,Feminino,5.0,CrossFit,84.0,420.0,116.17,Sim,25.1,35.3,2021-12-22,Ativa
34,Feminino,5.0,CrossFit,117.3,586.5,187.65,Não,13.1,36.6,2020-02-15,Ativa
55,Outro,4.0,Yoga,42.7,170.8,239.65,Sim,35.8,24.9,2021-10-16,Ativa
39,Feminino,7.0,Yoga,30.7,214.9,257.78,Sim,13.1,27.0,2021-12-19,Ativa
55,Masculino,6.0,Musculação,,,196.72,Não,30.4,23.4,2021-04-01,Ativa
26,Feminino,3.0,Natação,23.9,71.7,146.95,Não,22.3,15.8,2025-03-29,Ativa
36,Masculino,6.0,CrossFit,76.8,460.8,244.82,Não,33.7,31.0,2023-04-14,Ativa
21,Outro,1.0,Yoga,49.7,49.7,165.25,Não,11.2,30.9,2022-07-19,Ativa
57,Masculino,6.0,Cardio,56.9,341.4,179.35,Não,27.3,13.9,2022-04-22,Ativa
42,Feminino,3.0,Yoga,107.8,323.4,173.16,Não,36.1,36.4,2022-05-10,Ativa
56,Outro,3.0,Yoga,116.0,348.0,79.29,Não,16.0,14.9,2023-07-13,Ativa
35,Masculino,,Natação,55.4,,144.74,Não,26.8,35.9,2021-01-07,Sedentária
20,Outro,1.0,Cardio,52.5,52.5,254.13,Sim,33.2,18.1,2020-11-28,Ativa
32,Outro,0.0,CrossFit,79.1,0.0,141.79,Não,16.6,27.8,2021-02-09,Sedentária
61,Feminino,3.0,Natação,63.3,189.9,184.84,Não,28.2,26.5,2024-06-28,Ativa
39,Masculino,0.0,Yoga,90.7,0.0,69.45,Não,14.4,36.5,2022-05-11,Sedentária
45,Masculino,6.0,Cardio,30.6,183.6,77.52,Não,14.5,31.7,2022-08-24,Ativa
57,Feminino,2.0,Musculação,51.8,103.6,246.59,Não,21.7,20.0,2021-10-01,Ativa
62,Masculino,5.0,CrossFit,110.4,552.0,138.8,Não,12.5,28.5,2025-02-26,Ativa
29,Outro,2.0,Musculação,86.6,173.2,137.01,Sim,31.0,12.2,2025-05-11,Ativa
45,Masculino,4.0,Futebol,118.1,472.4,264.98,Não,14.8,17.0,2024-07-13,Ativa
25,Outro,7.0,Futebol,21.4,149.8,280.52,Não,37.5,22.1,2024-02-27,Ativa
25,Outro,4.0,Yoga,80.4,321.6,106.01,Não,20.3,12.6,2020-03-18,Ativa
35,Masculino,7.0,Cardio,95.5,668.5,94.79,Sim,27.4,38.2,2020-12-28,Ativa
32,Outro,4.0,Futebol,74.1,296.4,256.82,Sim,34.4,23.1,2021-10-14,Ativa
45,Outro,3.0,Yoga,109.6,328.8,114.34,Não,20.8,32.0,2020-11-16,Ativa
44,Masculino,6.0,Cardio,97.9,587.4,254.5,Não,38.8,37.9,2021-08-07,Ativa
54,Masculino,7.0,Cardio,34.0,238.0,232.74,Não,34.4,25.6,2023-12-19,Ativa
31,Feminino,2.0,CrossFit,47.9,95.8,109.47,Não,13.6,13.2,2024-01-17,Ativa
28,Outro,1.0,Futebol,,,258.39,Não,32.9,27.4,2023-10-17,Ativa
18,Outro,5.0,CrossFit,40.2,201.0,252.84,Sim,12.4,14.6,2020-02-07,Ativa
25,Outro,7.0,CrossFit,21.1,147.7,87.6,Sim,14.9,19.7,2024-11-05,Ativa
21,Masculino,2.0,CrossFit,55.3,110.6,284.93,Não,34.6,31.4,2021-01-30,Ativa
51,Feminino,2.0,Futebol,64.4,128.8,216.18,Não,33.6,30.0,2022-11-29,Ativa
54,Feminino,6.0,Yoga,56.1,336.6,210.29,Sim,18.3,24.4,2020-01-21,Ativa
35,Feminino,5.0,Natação,115.7,578.5,157.68,Sim,16.2,29.0,2023-02-28,Ativa
43,Masculino,1.0,Yoga,63.7,63.7,101.13,Não,15.1,16.0,2021-08-16,Ativa
59,Feminino,3.0,Natação,99.3,297.9,76.04,Não,18.1,19.0,2024-12-10,Ativa
30,Feminino,6.0,CrossFit,53.8,322.8,177.91,Não,37.9,18.3,2023-08-15,Ativa
23,Outro,5.0,Yoga,65.9,329.5,261.81,Sim,10.1,36.4,2023-04-01,Ativa
55,Outro,2.0,Cardio,92.2,184.4,141.63,Não,39.6,23.7,2024-04-27,Ativa
21,Masculino,4.0,Cardio,53.9,215.6,57.26,Sim,39.9,16.1,2024-11-08,Ativa
48,Masculino,6.0,Musculação,54.1,324.6,228.81,Sim,31.2,23.3,2020-04-16,Ativa
59,Feminino,0.0,CrossFit,24.1,0.0,123.83,Sim,30.8,35.5,2020-09-10,Sedentária
38,Feminino,3.0,Yoga,27.0,81.0,180.52,Não,34.0,34.1,2022-03-28,Ativa
57,Outro,0.0,Futebol,118.5,0.0,69.05,Não,28.0,24.4,2020-09-23,Sedentária
54,Outro,3.0,CrossFit,93.2,279.6,249.37,Sim,19.7,12.0,2021-06-06,Ativa
20,Outro,7.0,Natação,21.5,150.5,133.46,Sim,37.9,36.8,2021-12-29,Ativa
31,Feminino,2.0,Natação,79.5,159.0,156.25,Não,10.2,18.7,2020-01-10,Ativa
37,Outro,4.0,Natação,23.0,92.0,220.72,Sim,32.0,25.1,2024-04-09,Ativa
37,Outro,2.0,Natação,106.1,212.2,177.52,Sim,24.4,35.5,2021-04-13,Ativa
25,Outro,2.0,Natação,28.3,56.6,126.97,Sim,26.0,15.0,2025-01-31,Ativa
60,Feminino,3.0,Natação,90.9,272.7,202.69,Sim,29.6,26.3,2023-06-20,Ativa
46,Outro,0.0,Fut,72.4,0.0,227.66,Não,29.9,34.9,2022-11-11,Sedentária
24,Masculino,7.0,Cardio,90.3,632.1,102.54,Sim,36.1,13.7,2024-12-30,Ativa
27,Outro,4.0,Futebol,65.5,262.0,52.93,Não,28.6,25.3,2022-09-22,Ativa
21,Masculino,6.0,Futebol,24.8,148.8,175.96,Sim,24.0,25.2,2021-06-23,Ativa
62,Masculino,2.0,Cardio,40.8,81.6,169.4,Não,35.9,33.1,2022-10-03,Ativa
58,Masculino,4.0,Cardio,55.0,220.0,85.7,Sim,17.9,12.8,2020-02-09,Ativa
30,Outro,6.0,Cardio,82.5,495.0,208.0,Não,24.1,14.6,2023-07-18,Ativa
62,Masculino,7.0,Natação,99.7,697.9,67.5,Sim,12.1,30.6,2023-10-21,Ativa
27,Masculino,4.0,Futebol,26.1,104.4,109.01,Sim,11.6,10.9,2023-02-01,Ativa
28,Masculino,4.0,Yoga,75.1,300.4,171.94,Não,14.2,37.4,2020-06-09,Ativa
53,Feminino,2.0,Natação,52.1,104.2,115.49,Sim,39.2,10.4,2024-06-01,Ativa
25,Masculino,2.0,Yoga,64.8,129.6,173.07,Não,13.5,14.5,2020-07-06,Ativa
25,Masculino,3.0,Musculação,57.4,172.2,96.39,Sim,32.6,39.8,2022-04-16,Ativa
22,Feminino,,Cardio,119.6,,64.44,Sim,18.7,27.3,2023-02-08,Sedentária
62,Outro,5.0,CrossFit,63.9,319.5,157.65,Sim,25.9,17.3,2021-08-11,Ativa
58,Outro,1.0,Cardio,69.9,69.9,241.73,Sim,39.6,35.7,2022-04-06,Ativa
51,Masculino,2.0,Cardio,98.0,196.0,202.02,Não,24.7,31.9,2022-05-24,Ativa
34,Outro,5.0,Musculação,40.7,203.5,264.86,Não,38.2,31.6,2021-12-05,Ativa
23,Masculino,2.0,Musculação,29.5,59.0,273.61,Sim,18.1,31.7,2024-03-10,Ativa
62,Outro,3.0,Musculação,20.6,61.8,91.17,Sim,10.6,10.7,2023-02-18,Ativa
41,Outro,7.0,Futebol,65.5,458.5,71.66,Sim,22.2,12.8,2024-02-04,Ativa
31,Outro,7.0,Futebol,22.6,158.2,197.59,Sim,15.5,15.0,2020-07-17,Ativa
61,Outro,0.0,Futebol,107.7,0.0,227.52,Não,17.5,27.6,2022-02-06,Sedentária
23,Outro,4.0,CrossFit,52.7,210.8,253.48,Sim,35.1,35.8,2021-03-05,Ativa
36,Outro,6.0,Cardio,36.0,216.0,197.6,Sim,25.9,35.1,2022-11-16,Ativa
48,Masculino,5.0,Futebol,38.0,190.0,211.17,Sim,24.4,15.8,2020-11-18,Ativa
40,Outro,6.0,Cardio,37.1,222.6,163.41,Não,32.1,29.5,2024-08-01,Ativa
43,Feminino,5.0,Cardio,30.3,151.5,197.65,Sim,37.3,16.8,2024-01-27,Ativa
62,Outro,0.0,Yoga,120.0,0.0,131.14,Não,24.7,21.9,2021-08-08,Sedentária
23,Masculino,4.0,Natação,33.3,133.2,220.98,Não,17.9,26.1,2024-12-28,Ativa
46,Outro,0.0,Futebol,100.1,0.0,116.43,Não,31.5,22.6,2023-07-09,Sedentária
34,Masculino,5.0,Yoga,84.0,420.0,231.33,Não,20.2,35.6,2024-11-18,Ativa
37,Outro,5.0,Yoga,56.1,280.5,54.51,Sim,34.7,20.8,2024-12-14,Ativa
36,Outro,7.0,Yoga,73.6,515.2,206.91,Sim,19.6,23.8,2025-03-29,Ativa
26,Masculino,4.0,CrossFit,83.3,333.2,259.86,Não,12.8,27.2,2025-03-17,Ativa
40,Masculino,6.0,Musculação,40.0,240.0,59.68,Sim,29.2,32.4,2022-04-21,Ativa
55,Feminino,0.0,CrossFit,103.1,0.0,76.1,Não,13.3,27.2,2025-03-02,Sedentária
40,Feminino,6.0,CrossFit,47.9,287.4,157.31,Não,32.1,33.8,2024-09-25,Ativa
24,Feminino,4.0,Yoga,25.8,103.2,166.73,Sim,31.0,18.4,2022-04-11,Ativa
59,Feminino,4.0,Futebol,86.2,344.8,62.8,Sim,24.7,10.0,2021-08-09,Ativa
19,Feminino,1.0,Cardio,71.8,71.8,79.48,Não,31.3,31.1,2024-11-23,Ativa
38,Outro,1.0,Natação,27.7,27.7,225.74,Não,34.2,13.7,2024-07-16,Ativa
49,Outro,5.0,Yoga,26.1,130.5,256.08,Sim,19.7,20.7,2023-07-14,Ativa
33,Feminino,6.0,Futebol,47.0,282.0,180.0,Sim,19.9,18.1,2022-11-21,Ativa
62,Outro,6.0,Cardio,91.3,547.8,81.74,Sim,37.0,25.2,2025-04-30,Ativa
42,Masculino,7.0,Fut,62.6,438.2,55.35,Não,39.9,31.6,2021-12-15,Ativa
23,Masculino,3.0,Yoga,114.5,343.5,231.33,Não,29.1,18.6,2022-07-11,Ativa
59,Masculino,1.0,Yoga,,,118.65,Não,11.5,33.7,2023-06-06,Ativa
24,Masculino,5.0,Natação,,,283.58,Sim,24.8,35.1,2020-05-11,Ativa
21,Masculino,6.0,CrossFit,81.0,486.0,161.39,Sim,26.1,21.9,2022-08-08,Ativa
28,Masculino,6.0,Musculação,106.8,640.8,64.82,Não,26.8,36.1,2023-01-06,Ativa
53,Outro,7.0,Yoga,67.6,473.2,165.85,Sim,24.6,30.6,2024-09-16,Ativa
48,Outro,1.0,Cardio,38.0,38.0,285.53,Não,15.3,13.2,2025-01-03,Ativa
20,Masculino,5.0,Musculação,,,127.4,Sim,29.6,35.3,2024-06-06,Ativa
54,Feminino,7.0,Natação,59.2,414.4,121.5,Sim,32.9,28.2,2020-07-09,Ativa
35,Feminino,5.0,Musculação,108.8,544.0,172.32,Não,28.6,14.6,2021-04-04,Ativa
45,Feminino,4.0,Yoga,79.5,318.0,101.88,Não,17.7,17.5,2024-02-03,Ativa
28,Outro,0.0,Natação,114.0,0.0,278.28,Não,14.0,19.1,2021-07-29,Sedentária
36,Outro,0.0,Cardio,25.0,0.0,215.2,Não,21.7,19.4,2020-09-17,Sedentária
44,Masculino,6.0,Cardio,92.9,557.4,190.16,Sim,15.5,18.8,2020-02-02,Ativa
49,Outro,0.0,CrossFit,101.8,0.0,102.45,Sim,39.0,31.2,2022-03-03,Sedentária
45,Outro,6.0,Yoga,31.7,190.2,66.91,Não,22.4,31.3,2020-12-28,Ativa
45,Masculino,3.0,Musculação,56.3,168.9,113.7,Não,25.6,11.5,2022-09-29,Ativa
55,Outro,2.0,Musculação,58.8,117.6,286.4,Sim,35.4,21.4,2024-08-10,Ativa
58,Outro,,CrossFit,104.0,,153.81,Não,37.9,17.1,2021-12-04,Sedentária
34,Feminino,2.0,Natação,73.8,147.6,144.22,Não,21.0,18.8,2020-07-09,Ativa
55,Masculino,2.0,Soccer,46.0,92.0,205.2,Não,25.3,17.7,2024-10-26,Ativa
32,Feminino,7.0,CrossFit,46.0,322.0,227.61,Sim,14.3,37.3,2024-07-26,Ativa
22,Outro,3.0,Yoga,97.6,292.8,98.42,Sim,15.7,32.4,2020-10-13,Ativa
22,Feminino,5.0,Cardio,28.3,141.5,196.45,Não,26.2,39.1,2024-07-21,Ativa
42,Feminino,6.0,Cardio,42.4,254.4,280.67,Não,34.7,19.8,2021-11-17,Ativa
36,Masculino,7.0,Musculação,59.6,417.2,166.43,Sim,21.7,20.0,2022-06-21,Ativa
38,Masculino,3.0,Musculação,56.4,169.2,188.59,Sim,11.8,10.3,2020-07-15,Ativa
63,Outro,0.0,Futebol,83.8,0.0,243.49,Sim,13.8,33.1,2021-05-17,Sedentária
20,Feminino,7.0,Yoga,63.1,441.7,71.19,Não,18.5,14.2,2022-05-13,Ativa
50,Masculino,5.0,Musculação,63.0,315.0,120.13,Não,20.4,26.2,2021-07-23,Ativa
29,Masculino,7.0,CrossFit,94.9,664.3,120.46,Não,27.5,14.0,2023-07-25,Ativa
49,Masculino,5.0,Futebol,67.9,339.5,50.05,Sim,25.6,25.9,2024-06-14,Ativa
44,Feminino,5.0,Futebol,117.6,588.0,102.41,Não,18.4,12.7,2023-01-08,Ativa
34,Feminino,2.0,Cardio,87.8,175.6,149.54,Não,33.9,10.9,2020-11-13,Ativa
34,Outro,2.0,Musculação,59.5,119.0,65.99,Sim,22.0,11.5,2022-08-16,Ativa
34,Masculino,2.0,Musculação,37.0,74.0,291.04,Sim,25.4,10.6,2022-09-27,Ativa
23,Feminino,1.0,Futebol,52.1,52.1,277.81,Sim,37.7,13.2,2020-09-13,Ativa
21,Masculino,5.0,Cardio,32.4,162.0,149.8,Não,32.1,35.0,2022-04-07,Ativa
40,Masculino,3.0,Futebol,118.8,356.4,173.96,Não,28.9,22.0,2023-11-04,Ativa
37,Feminino,6.0,Natação,31.8,190.8,273.41,Sim,28.8,11.2,2022-08-29,Ativa
25,Outro,5.0,Natação,,,178.22,Não,15.6,23.5,2021-02-17,Ativa
26,Masculino,6.0,Yoga,79.3,475.8,197.96,Não,18.4,20.2,2024-03-06,Ativa
30,Outro,3.0,Yoga,32.3,96.9,208.51,Sim,38.9,26.7,2021-07-28,Ativa
32,Outro,1.0,Yoga,37.5,37.5,295.01,Não,14.6,38.4,2020-03-19,Ativa
56,Feminino,1.0,Yoga,,,89.57,Sim,31.0,23.2,2023-12-31,Ativa
40,Feminino,,Yoga,75.2,,91.63,Sim,20.2,29.5,2023-08-26,Sedentária
60,Outro,4.0,Yoga,20.9,83.6,263.63,Não,33.0,17.8,2021-12-15,Ativa
22,Feminino,7.0,Futebol,69.4,485.8,163.93,Sim,38.7,32.7,2022-07-07,Ativa
35,Outro,3.0,Musculação,30.5,91.5,273.68,Sim,32.1,36.7,2023-04-27,Ativa
26,Masculino,6.0,Natação,113.1,678.6,291.31,Sim,21.5,30.4,2025-05-04,Ativa
48,Masculino,3.0,Musculação,77.5,232.5,72.1,Não,12.0,37.7,2020-05-30,Ativa
37,Masculino,0.0,Musculação,101.4,0.0,66.3,Sim,37.0,37.8,2020-01-22,Sedentária
20,Outro,0.0,Yoga,72.6,0.0,104.5,Sim,38.0,25.4,2020-05-05,Sedentária
61,Masculino,7.0,CrossFit,106.5,745.5,174.24,Não,13.1,29.7,2025-06-02,Ativa
18,Feminino,5.0,CrossFit,83.7,418.5,233.38,Não,34.7,18.3,2021-02-03,Ativa
47,Feminino,7.0,Futebol,105.9,741.3,271.19,Não,13.7,37.7,2024-06-29,Ativa
37,Feminino,4.0,Yoga,50.8,203.2,94.09,Sim,13.9,20.3,2025-01-04,Ativa
56,Feminino,4.0,Natação,81.7,326.8,94.71,Não,29.5,17.2,2025-05-20,Ativa
23,Feminino,7.0,Cardio,41.7,291.9,137.92,Não,32.0,37.0,2023-06-06,Ativa
23,Feminino,3.0,Cardio,84.3,252.9,265.84,Não,11.7,35.5,2024-11-16,Ativa
36,Feminino,3.0,CrossFit,29.8,89.4,295.09,Sim,38.1,27.5,2023-07-05,Ativa
35,Masculino,7.0,Musculação,29.6,207.2,285.3,Sim,36.4,29.3,2022-05-23,Ativa
54,Outro,5.0,Cardio,95.4,477.0,177.81,Sim,32.2,38.6,2020-09-19,Ativa
38,Masculino,2.0,Futebol,43.8,87.6,55.14,Não,39.4,23.9,2025-05-07,Ativa
62,Outro,0.0,CrossFit,54.2,0.0,115.83,Não,32.5,20.0,2020-04-07,Sedentária
53,Outro,0.0,Cardio,30.5,0.0,178.91,Sim,37.8,31.7,2024-04-29,Sedentária
47,Outro,1.0,Cardio,30.4,30.4,255.53,Sim,19.2,21.7,2021-03-20,Ativa
19,Masculino,4.0,Musculação,61.2,244.8,223.3,Não,14.1,37.9,2020-09-22,Ativa
35,Outro,6.0,Cardio,114.8,688.8,231.6,Não,39.5,28.5,2024-05-26,Ativa
42,Feminino,5.0,Natação,89.2,446.0,87.32,Sim,12.1,12.6,2021-12-19,Ativa
26,Outro,6.0,Yoga,118.8,712.8,61.65,Sim,25.7,18.0,2024-06-05,Ativa
58,Masculino,4.0,Natação,68.0,272.0,108.31,Não,10.3,20.5,2020-03-20,Ativa
24,Feminino,4.0,Yoga,110.6,442.4,187.18,Não,15.0,13.4,2023-10-16,Ativa
39,Masculino,4.0,Futebol,20.3,81.2,216.13,Não,29.3,22.1,2020-02-04,Ativa
58,Outro,2.0,Cardio,97.7,195.4,94.45,Não,12.8,33.6,2023-11-23,Ativa
64,Outro,1.0,Futebol,119.2,119.2,197.32,Sim,37.8,21.9,2023-04-14,Ativa
39,Outro,,Musculação,63.7,,190.7,Sim,37.7,27.3,2024-05-12,Sedentária
45,Masculino,0.0,Natação,116.9,0.0,197.02,Sim,10.7,18.1,2020-09-16,Sedentária
57,Masculino,5.0,CrossFit,82.8,414.0,104.83,Sim,18.0,23.5,2022-05-02,Ativa
20,Feminino,3.0,Natação,46.6,139.8,189.81,Sim,13.4,26.7,2025-07-28,Ativa
43,Masculino,2.0,Futebol,20.6,41.2,248.25,Não,14.9,18.7,2020-08-19,Ativa
60,Feminino,2.0,Natação,,,103.14,Não,22.3,23.8,2025-05-22,Ativa
33,Feminino,4.0,Fut,53.6,214.4,272.3,Não,39.2,39.0,2024-01-24,Ativa
51,Outro,1.0,Futebol,25.4,25.4,122.22,Sim,24.8,21.5,2021-07-28,Ativa
48,Outro,2.0,Yoga,106.0,212.0,143.47,Sim,36.7,27.4,2022-12-05,Ativa
38,Masculino,,Natação,87.7,,226.9,Sim,13.8,38.9,2020-04-04,Sedentária
58,Outro,2.0,Musculação,32.1,64.2,62.81,Sim,18.4,35.3,2020-09-10,Ativa
22,Masculino,1.0,CrossFit,90.9,90.9,82.97,Sim,24.5,27.8,2025-03-26,Ativa
55,Feminino,3.0,Cardio,64.8,194.4,113.06,Sim,11.6,30.7,2024-08-28,Ativa
18,Masculino,6.0,Cardio,83.0,498.0,89.93,Não,21.2,11.5,2020-01-25,Ativa
20,Masculino,0.0,Futebol,67.8,0.0,234.24,Não,39.5,29.5,2021-06-01,Sedentária
50,Outro,2.0,Futebol,85.8,171.6,175.95,Não,14.8,23.7,2023-02-08,Ativa
19,Masculino,5.0,Yoga,117.7,588.5,81.7,Não,20.2,39.9,2020-03-17,Ativa
57,Outro,3.0,CrossFit,66.6,199.8,273.21,Sim,37.0,18.4,2025-03-11,Ativa
28,Outro,0.0,Natação,114.4,0.0,297.99,Sim,28.0,32.0,2025-08-30,Sedentária
31,Feminino,7.0,CrossFit,91.7,641.9,114.48,Não,18.2,10.2,2021-12-22,Ativa
22,Masculino,,Futebol,,,251.68,Não,25.3,33.3,2023-02-02,Sedentária
32,Masculino,6.0,Yoga,98.1,588.6,113.02,Não,34.1,32.0,2023-11-20,Ativa
34,Outro,,Futebol,46.5,,92.11,Não,28.5,29.1,2021-08-24,Sedentária
38,Outro,6.0,Musculação,53.2,319.2,290.78,Não,12.9,22.7,2021-08-02,Ativa
37,Outro,6.0,Cardio,76.3,457.8,190.16,Sim,24.0,34.6,2023-04-15,Ativa
52,Outro,4.0,CrossFit,,,57.0,Não,31.3,13.2,2023-09-05,Ativa
60,Feminino,7.0,Musculação,21.7,151.9,246.95,Não,24.8,32.4,2021-01-12,Ativa
63,Feminino,7.0,CrossFit,70.0,490.0,196.6,Sim,33.7,21.5,2023-09-05,Ativa
21,Feminino,4.0,CrossFit,21.1,84.4,192.7,Não,18.2,29.7,2023-11-30,Ativa
60,Masculino,6.0,Musculação,75.5,453.0,78.36,Não,19.9,23.1,2023-12-22,Ativa
36,Masculino,6.0,Musculação,,,133.69,Sim,33.2,29.3,2022-03-20,Ativa
32,Feminino,3.0,Yoga,74.2,222.6,286.53,Não,21.1,31.7,2025-03-13,Ativa
25,Feminino,4.0,CrossFit,,,103.53,Não,28.4,20.4,2020-01-18,Ativa
45,Feminino,0.0,Cardio,88.7,0.0,295.89,Sim,25.0,13.9,2021-01-28,Sedentária
59,Feminino,5.0,Natação,53.7,268.5,159.87,Sim,15.5,33.9,2022-06-14,Ativa
48,Masculino,4.0,Yoga,102.8,411.2,231.39,Sim,31.4,11.7,2022-03-29,Ativa
33,Masculino,7.0,Cardio,70.7,494.9,247.15,Não,14.5,18.9,2024-01-04,Ativa
44,Masculino,2.0,Yoga,57.4,114.8,70.62,Não,35.3,11.5,2025-03-19,Ativa
38,Feminino,1.0,Musculação,89.8,89.8,237.89,Sim,39.9,32.2,2024-05-28,Ativa
54,Feminino,0.0,Futebol,29.4,0.0,164.66,Não,24.7,11.3,2022-01-10,Sedentária
32,Masculino,7.0,Futebol,60.5,423.5,177.12,Não,21.7,29.5,2025-01-11,Ativa
36,Masculino,7.0,Yoga,109.7,767.9,91.36,Sim,39.3,20.3,2022-09-15,Ativa
25,Feminino,1.0,Cardio,20.4,20.4,156.17,Sim,20.7,12.5,2020-01-15,Ativa
61,Outro,2.0,Futebol,45.2,90.4,216.3,Sim,20.0,21.9,2021-05-26,Ativa
39,Outro,0.0,Soccer,85.9,0.0,265.78,Não,35.2,31.5,2020-01-14,Sedentária
37,Outro,4.0,Yoga,22.9,91.6,152.56,Não,12.7,26.4,2022-04-04,Ativa
23,Outro,6.0,CrossFit,58.2,349.2,52.14,Sim,17.8,20.6,2021-02-12,Ativa
47,Feminino,4.0,Yoga,53.7,214.8,192.85,Não,21.6,14.3,2022-02-04,Ativa
20,Outro,5.0,Futebol,109.2,546.0,61.89,Não,31.5,33.3,2025-02-05,Ativa
52,Masculino,6.0,Cardio,70.6,423.6,219.69,Não,27.5,12.4,2023-02-09,Ativa
18,Feminino,6.0,Yoga,80.8,484.8,130.88,Sim,12.7,14.5,2024-08-09,Ativa
50,Masculino,0.0,Musculação,53.4,0.0,73.45,Sim,14.1,28.6,2024-12-14,Sedentária
53,Outro,6.0,Futebol,64.8,388.8,258.67,Não,18.2,27.0,2020-04-08,Ativa
19,Feminino,4.0,CrossFit,77.3,309.2,260.36,Não,37.5,23.3,2022-12-04,Ativa
40,Outro,7.0,Yoga,90.8,635.6,195.1,Sim,22.6,35.5,2024-10-06,Ativa
48,Masculino,1.0,Yoga,114.4,114.4,299.94,Sim,39.2,17.8,2025-07-17,Ativa
22,Masculino,0.0,CrossFit,30.4,0.0,95.13,Sim,31.6,31.1,2024-09-07,Sedentária
55,Masculino,5.0,Futebol,96.8,484.0,223.49,Sim,19.6,21.6,2022-09-12,Ativa
37,Masculino,5.0,Yoga,40.2,201.0,152.3,Sim,10.1,24.7,2022-10-19,Ativa
41,Outro,6.0,Cardio,119.6,717.6,163.37,Não,18.2,29.5,2023-10-28,Ativa
23,Masculino,1.0,Cardio,,,273.53,Sim,18.1,23.1,2020-08-25,Ativa
51,Feminino,,Cardio,29.7,,221.63,Não,15.6,34.7,2021-01-25,Sedentária
25,Outro,,Cardio,52.1,,83.23,Não,13.8,22.3,2020-09-22,Sedentária
43,Outro,4.0,Musculação,34.5,138.0,209.45,Não,14.1,18.7,2022-11-12,Ativa
37,Feminino,2.0,Natação,111.0,222.0,229.63,Sim,22.6,12.5,2024-10-25,Ativa
48,Masculino,7.0,Cardio,71.3,499.1,272.35,Não,22.2,18.8,2022-07-26,Ativa
57,Masculino,3.0,Futebol,30.3,90.9,52.88,Não,38.6,24.2,2024-08-01,Ativa
31,Outro,0.0,Yoga,,,171.21,Não,26.7,20.6,2023-07-05,Sedentária
64,Masculino,4.0,Yoga,102.9,411.6,294.04,Não,36.8,29.9,2021-08-12,Ativa
47,Masculino,4.0,CrossFit,100.9,403.6,178.79,Sim,16.4,35.6,2025-08-03,Ativa
52,Outro,1.0,Yoga,74.3,74.3,54.69,Não,16.7,21.7,2025-05-12,Ativa
64,Outro,,Yoga,79.3,,297.3,Não,37.3,25.7,2024-09-29,Sedentária
46,Masculino,2.0,Cardio,81.7,163.4,74.83,Sim,37.3,39.4,2025-05-30,Ativa
61,Masculino,6.0,Natação,93.1,558.6,128.22,Não,11.3,10.1,2024-11-05,Ativa
31,Masculino,4.0,CrossFit,41.0,164.0,57.18,Sim,27.4,38.9,2025-09-02,Ativa
34,Masculino,3.0,CrossFit,78.1,234.3,242.36,Sim,21.6,17.7,2024-09-20,Ativa
62,Feminino,3.0,Yoga,91.6,274.8,107.98,Não,14.4,27.6,2023-11-29,Ativa
49,Feminino,2.0,Cardio,85.5,171.0,208.73,Não,27.5,27.6,2024-12-16,Ativa
18,Masculino,0.0,Cardio,33.7,0.0,70.25,Não,35.8,31.9,2023-11-07,Sedentária
50,Outro,2.0,Soccer,82.3,164.6,234.49,Sim,27.3,17.5,2023-05-05,Ativa
21,Masculino,3.0,CrossFit,78.1,234.3,262.14,Sim,37.4,27.1,2024-06-24,Ativa
43,Feminino,7.0,Musculação,97.2,680.4,80.93,Sim,35.0,19.4,2023-09-20,Ativa
19,Outro,1.0,CrossFit,108.3,108.3,191.02,Não,28.5,11.2,2020-11-07,Ativa
39,Feminino,6.0,Cardio,86.7,520.2,198.92,Sim,29.2,36.6,2023-05-18,Ativa
27,Masculino,3.0,Yoga,94.3,282.9,190.61,Sim,28.9,16.2,2021-03-14,Ativa
54,Outro,7.0,Natacao,101.6,711.2,165.03,Não,31.2,35.3,2021-01-14,Ativa
64,Outro,0.0,Yoga,117.0,0.0,262.3,Não,13.5,12.8,2024-10-11,Sedentária
56,Feminino,7.0,Natação,36.2,253.4,182.89,Não,35.7,18.1,2022-09-18,Ativa
31,Outro,4.0,Yoga,89.2,356.8,96.13,Não,26.5,37.6,2020-07-12,Ativa
26,Masculino,6.0,Futebol,37.1,222.6,105.45,Sim,28.6,15.5,2023-11-17,Ativa
41,Feminino,7.0,Cardio,76.5,535.5,226.43,Sim,27.8,32.5,2020-09-02,Ativa
63,Feminino,2.0,Natação,87.0,174.0,85.63,Sim,29.8,27.7,2023-09-15,Ativa
32,Masculino,0.0,Fut,110.5,0.0,56.71,Sim,34.0,34.4,2021-06-13,Sedentária
58,Outro,6.0,Swimming,38.4,230.4,239.67,Sim,34.6,12.6,2023-12-11,Ativa
40,Outro,1.0,Fut,37.4,37.4,84.98,Não,15.3,22.0,2024-08-27,Ativa
58,Masculino,5.0,Musculação,29.6,148.0,162.53,Não,24.3,36.5,2024-05-15,Ativa
34,Outro,7.0,Natação,77.8,544.6,269.11,Não,31.3,30.4,2022-01-06,Ativa
41,Outro,1.0,Yoga,100.2,100.2,133.51,Sim,23.2,27.7,2025-06-05,Ativa
42,Outro,4.0,Natação,110.3,441.2,127.2,Não,31.8,32.6,2021-08-12,Ativa
32,Feminino,6.0,Cardio,90.6,543.6,214.1,Não,21.2,25.2,2023-10-13,Ativa
20,Outro,1.0,Futebol,67.5,67.5,243.34,Não,29.3,14.9,2024-12-24,Ativa
31,Masculino,6.0,CrossFit,45.5,273.0,161.39,Sim,23.7,12.8,2021-09-23,Ativa
45,Outro,4.0,Natação,38.4,153.6,215.13,Sim,30.5,34.8,2020-09-20,Ativa
53,Masculino,5.0,Natação,37.9,189.5,235.32,Sim,30.9,22.0,2023-05-29,Ativa
56,Outro,5.0,Natação,118.8,594.0,120.67,Não,30.9,21.0,2025-05-02,Ativa
47,Outro,5.0,Musculação,36.7,183.5,128.05,Sim,39.5,27.3,2024-05-05,Ativa
36,Masculino,1.0,Yoga,110.7,110.7,175.84,Sim,31.9,22.5,2024-12-10,Ativa
22,Outro,6.0,Cardio,107.9,647.4,236.37,Não,27.6,14.7,2020-08-22,Ativa
48,Masculino,5.0,Cardio,91.0,455.0,200.8,Não,38.4,25.0,2020-12-12,Ativa
25,Feminino,0.0,CrossFit,40.2,0.0,134.75,Sim,16.4,38.5,2025-04-08,Sedentária
22,Feminino,4.0,CrossFit,64.7,258.8,263.92,Não,23.1,29.2,2025-02-18,Ativa
26,Feminino,,Futebol,85.8,,71.56,Não,28.6,34.1,2022-01-22,Sedentária
26,Feminino,5.0,Futebol,106.2,531.0,297.07,Não,13.1,23.6,2023-02-20,Ativa
47,Feminino,2.0,Cardio,98.7,197.4,79.0,Sim,24.2,31.3,2024-11-30,Ativa
47,Outro,2.0,Cardio,48.3,96.6,235.99,Sim,15.4,24.1,2023-08-17,Ativa
44,Outro,7.0,Yoga,116.0,812.0,75.04,Não,17.1,21.6,2021-03-03,Ativa
59,Masculino,3.0,Futebol,47.9,143.7,56.85,Não,19.5,36.3,2021-11-01,Ativa
29,Masculino,6.0,Yoga,80.9,485.4,86.77,Não,30.1,25.8,2020-03-25,Ativa
59,Masculino,4.0,Natação,64.4,257.6,50.62,Não,10.6,18.6,2022-01-28,Ativa
56,Feminino,1.0,Musculação,24.5,24.5,167.08,Sim,21.1,33.3,2025-07-29,Ativa
43,Masculino,1.0,Futebol,85.3,85.3,174.88,Não,38.6,39.5,2020-07-01,Ativa
46,Outro,2.0,Musculação,50.8,101.6,288.93,Sim,38.0,38.2,2025-07-15,Ativa
42,Feminino,2.0,Musculação,,,153.54,Sim,10.4,32.8,2025-01-31,Ativa
35,Masculino,,CrossFit,48.9,,186.68,Sim,24.8,23.3,2021-12-29,Sedentária
57,Masculino,1.0,CrossFit,61.4,61.4,127.63,Sim,31.7,15.0,2022-04-12,Ativa
54,Feminino,,Natacao,59.3,,59.63,Não,27.1,26.3,2024-01-07,Sedentária
58,Masculino,0.0,Yoga,34.4,0.0,162.48,Não,32.0,27.1,2024-07-03,Sedentária
30,Masculino,3.0,Futebol,88.2,264.6,147.92,Não,20.6,19.4,2021-01-24,Ativa
44,Masculino,0.0,Futebol,81.5,0.0,147.51,Não,16.2,10.7,2024-09-12,Sedentária
20,Feminino,5.0,Musculação,50.5,252.5,151.83,Sim,11.2,11.8,2022-05-21,Ativa
20,Masculino,,Musculação,43.8,,132.9,Sim,22.0,20.5,2021-08-29,Sedentária
53,Feminino,1.0,Cardio,68.8,68.8,131.63,Sim,31.6,16.2,2022-06-01,Ativa
23,Outro,4.0,CrossFit,49.3,197.2,162.87,Sim,23.2,35.2,2023-12-08,Ativa
53,Outro,3.0,CrossFit,84.9,254.7,196.3,Não,27.7,27.7,2021-04-10,Ativa
57,Feminino,4.0,Musculação,109.7,438.8,283.9,Sim,29.9,13.8,2025-05-11,Ativa
38,Masculino,1.0,Musculação,,,111.55,Sim,19.5,27.9,2022-09-30,Ativa
22,Outro,3.0,Musculação,114.3,342.9,222.46,Não,32.1,33.4,2023-06-17,Ativa
37,Outro,,Natação,98.8,,95.7,Não,39.0,14.3,2023-01-10,Sedentária
46,Outro,4.0,Yoga,67.4,269.6,92.62,Sim,30.4,26.6,2021-10-19,Ativa
48,Masculino,0.0,Futebol,,,263.35,Não,11.6,23.6,2021-06-03,Sedentária
60,Feminino,5.0,Yoga,64.5,322.5,241.87,Não,30.4,32.3,2024-02-25,Ativa
23,Masculino,0.0,Futebol,101.3,0.0,258.19,Sim,28.5,21.9,2021-07-12,Sedentária
18,Outro,4.0,Yoga,53.3,213.2,145.98,Não,11.7,38.6,2024-01-15,Ativa
64,Masculino,7.0,Cardio,48.2,337.4,139.13,Não,29.2,23.3,2020-09-09,Ativa
38,Masculino,1.0,CrossFit,111.8,111.8,200.09,Sim,13.4,25.2,2020-06-03,Ativa
46,Outro,3.0,Futebol,86.5,259.5,194.06,Sim,23.6,37.5,2022-08-09,Ativa
34,Masculino,4.0,CrossFit,34.5,138.0,81.9,Não,16.8,15.0,2022-05-14,Ativa
55,Outro,0.0,Futebol,50.5,0.0,202.95,Sim,23.4,25.2,2025-01-09,Sedentária
26,Feminino,5.0,Yoga,81.8,409.0,203.47,Sim,10.1,20.2,2020-05-13,Ativa
50,Outro,5.0,Cardio,66.7,333.5,238.39,Não,13.1,19.6,2023-04-17,Ativa
23,Masculino,5.0,CrossFit,67.0,335.0,257.04,Sim,22.4,12.0,2020-06-05,Ativa
40,Masculino,2.0,Natação,100.6,201.2,109.63,Sim,19.6,36.8,2024-09-20,Ativa
41,Outro,1.0,CrossFit,91.9,91.9,139.86,Não,24.5,27.5,2021-07-13,Ativa
32,Outro,2.0,Cardio,,,288.01,Não,16.1,15.0,2024-11-27,Ativa
60,Masculino,7.0,Yoga,68.8,481.6,224.54,Sim,13.6,38.0,2021-04-29,Ativa
58,Masculino,4.0,Futebol,25.9,103.6,197.35,Sim,38.7,27.1,2020-01-06,Ativa
62,Masculino,5.0,Natação,,,123.25,Não,22.3,38.9,2023-01-16,Ativa
26,Outro,0.0,Futebol,,,252.36,Não,10.9,12.5,2021-10-20,Sedentária
58,Masculino,7.0,Cardio,27.8,194.6,228.56,Não,23.3,19.5,2022-04-02,Ativa
27,Outro,3.0,Yoga,101.9,305.7,134.96,Sim,13.8,25.1,2022-04-13,Ativa
61,Feminino,7.0,Cardio,117.5,822.5,218.16,Não,37.7,12.3,2024-02-11,Ativa
56,Outro,2.0,CrossFit,117.9,235.8,293.55,Não,36.4,36.1,2021-07-29,Ativa
32,Masculino,2.0,Natação,52.3,104.6,286.83,Não,26.8,10.6,2021-01-24,Ativa
37,Outro,0.0,Swimming,44.9,0.0,185.78,Sim,39.0,21.0,2023-11-12,Sedentária
63,Outro,7.0,Futebol,,,63.68,Sim,17.4,19.4,2022-06-01,Ativa
46,Masculino,6.0,Yoga,,,91.6,Não,34.5,32.1,2024-04-23,Ativa
37,Outro,3.0,CrossFit,50.0,150.0,150.92,Sim,19.9,20.2,2024-02-09,Ativa
18,Feminino,4.0,CrossFit,32.9,131.6,214.17,Não,37.4,33.3,2022-02-09,Ativa
53,Feminino,2.0,Yoga,63.3,126.6,214.36,Não,12.5,26.8,2021-10-10,Ativa
43,Masculino,7.0,Futebol,118.9,832.3,131.45,Não,22.5,35.1,2024-03-10,Ativa
43,Feminino,0.0,Futebol,101.7,0.0,215.21,Não,31.1,32.4,2024-04-24,Sedentária
39,Outro,5.0,Futebol,78.0,390.0,269.34,Sim,38.8,31.8,2022-11-02,Ativa
25,Feminino,2.0,Natação,112.3,224.6,130.93,Não,23.8,28.4,2025-01-24,Ativa
24,Masculino,4.0,CrossFit,113.8,455.2,149.22,Sim,30.5,35.7,2020-12-03,Ativa
54,Masculino,7.0,Yoga,49.5,346.5,264.81,Sim,14.1,25.8,2025-09-08,Ativa
