idade,renda_mensal,tempo_emprego,dividas_total,limite_cartao,historico_credito,num_cartoes_credito,num_emprestimos,atraso_pagamento,possui_imovel,possui_veiculo,cargo_atual,risco_credito
50,4145.83,1.4,5798,13957.29,1,1,1,0,Não,Não,Analista de TI,Médio
40,14080.13,0.9,39607,57549.72,1,0,2,0,Não,Não,Enfermeiro,Alto
59,7550.31,21.0,7865,20694.49,3,4,0,0,Não,Sim,Advogado,Médio
27,2390.01,5.6,1340,10593.18,17,5,3,0,Sim,Não,Analista de TI,Baixo
39,17135.27,20.3,45245,77949.94,1,3,2,0,Sim,Não,Contador,Alto
42,4069.99,0.9,8298,15170.47,9,0,3,0,Não,Não,Empreendedor,Alto
38,6914.95,22.2,18554,25989.24,14,4,2,0,Sim,Não,Advogado,Alto
50,19562.48,6.3,8331,32261.1,3,4,3,0,Não,Não,Designer,Baixo
42,18347.11,22.4,51824,49444.06,19,2,1,46,Sim,Sim,Engenheiro,Alto
71,19354.0,29.4,24743,80434.87,1,3,3,0,Não,Não,Designer,Médio
90,18623.16,23.7,47871,85013.13,1,4,2,0,Não,Sim,Médico,Alto
84,5110.83,20.5,10657,9475.39,7,5,3,0,Não,Sim,Analista de TI,Alto
23,17052.4,12.0,42185,74675.55,18,2,1,0,Sim,Não,Contador,Alto
46,13098.03,10.3,31603,43999.47,18,0,0,0,Não,Sim,Engenheiro,Alto
46,2577.64,0.7,279,12802.87,10,4,3,0,Não,Sim,Analista de TI,Baixo
68,15441.23,19.4,35479,61054.47,10,1,2,0,Sim,Não,Enfermeiro,Alto
79,5016.75,11.0,4677,7981.46,2,5,3,0,Não,Não,Analista de TI,Baixo
42,15856.46,3.6,5554,39078.44,4,2,0,0,Sim,Não,Empreendedor,Baixo
73,14652.85,16.0,41888,66262.11,1,5,3,0,Sim,Não,Professor,Alto
69,18631.25,10.8,34764,31636.47,11,4,1,0,Sim,Sim,Designer,Médio
68,17424.76,11.8,24478,47575.71,19,3,0,0,Não,Sim,Contador,Médio
31,3960.08,11.1,6538,10573.8,16,1,0,0,Não,Sim,Designer,Médio
72,18980.3,28.1,47796,26426.03,11,1,1,14,Não,Não,Médico,Alto
63,5888.32,23.8,4766,26543.31,5,0,3,0,Não,Sim,Médico,Baixo
25,6832.41,25.3,16560,22659.15,18,1,3,0,Não,Sim,Analista de TI,Alto
82,18045.53,29.9,51099,66497.83,14,3,3,0,Não,Não,Médico,Alto
33,10785.18,10.9,12132,29384.6,12,4,3,0,Sim,Não,Advogado,Médio
87,3762.19,7.1,4030,4293.66,11,1,0,0,Sim,Sim,Empreendedor,Médio
87,,27.9,9410,21569.13,7,4,3,52,Não,Não,Empreendedor,Alto
19,14251.06,8.7,3189,42131.98,4,4,1,0,Sim,Não,Advogado,Baixo
27,,7.9,7017,18880.23,0,1,0,0,Sim,Sim,Engenheiro,Médio
34,7155.13,27.4,7212,28045.46,4,5,0,0,Sim,Sim,Médico,Médio
50,9632.98,0.3,3855,31930.01,19,3,3,0,Sim,Sim,Enfermeiro,Baixo
57,18311.55,5.4,46074,26779.07,17,1,3,0,Não,Sim,Engenheiro,Alto
68,15896.22,26.2,18704,67490.89,13,3,1,0,Não,Sim,Médico,Médio
52,14769.31,12.7,3403,59223.54,3,1,1,59,Sim,Não,Advogado,Alto
73,19894.46,8.6,43033,37403.71,0,2,3,0,Não,Não,Contador,Alto
31,4157.02,7.1,9771,4768.2,19,2,3,0,Sim,Sim,Enfermeiro,Alto
68,,8.0,7495,23225.63,20,2,3,22,Sim,Sim,Analista_de_TI,Médio
73,,2.3,9527,9870.95,15,5,3,43,Não,Sim,Professor,Alto
90,11291.45,17.2,22544,33882.27,18,3,1,0,Sim,Sim,Advogado,Médio
86,,18.4,14289,10139.2,11,5,2,0,Não,Sim,Designer,Alto
67,,5.7,6352,21956.84,16,2,0,0,Sim,Não,Engenheiro,Médio
63,5811.44,4.2,14976,8409.71,19,2,0,0,Sim,Sim,Médico,Alto
43,5592.64,23.5,742,8252.56,2,4,3,0,Sim,Sim,Advogado,Baixo
53,6021.01,19.2,6942,10143.34,15,4,1,0,Sim,Não,Engenheiro,Médio
82,5959.46,26.2,17634,25427.2,19,4,1,0,Sim,Sim,Enfermeiro,Alto
65,4949.45,17.6,4951,22970.35,8,4,2,0,Sim,Sim,Médico,Médio
39,13428.35,0.1,13168,31687.98,14,4,1,0,Não,Não,Enfermeiro,Baixo
78,3803.34,18.7,5345,13367.96,18,5,1,0,Não,Sim,Advogado,Médio
37,11491.29,5.9,3729,50018.25,12,2,2,0,Não,Não,Designer,Baixo
36,9071.47,21.2,19925,19967.18,18,2,0,0,Não,Sim,Analista de TI,Alto
59,9456.52,18.8,14574,10164.97,6,3,3,27,Não,Não,Contador,Médio
64,15261.19,22.3,22458,22399.3,19,3,1,0,Não,Não,Designer,Médio
42,19366.15,30.0,55363,75004.51,19,1,1,9,Não,Sim,Advogado,Alto
77,13876.71,23.3,36240,39199.53,19,4,2,0,Sim,Sim,Professor,Alto
84,,14.7,14822,8915.2,9,0,3,0,Sim,Sim,Analista de TI,Alto
46,6538.77,13.1,9093,20392.25,1,0,0,0,Sim,Não,Advogado,Médio
27,16253.77,14.1,41539,73014.57,4,1,2,0,Sim,Sim,Médico,Alto
85,5002.77,22.9,3289,7874.95,7,2,1,0,Não,Não,Professor,Baixo
66,2893.23,9.0,8175,14275.15,20,4,2,0,Não,Sim,Médico,Alto
80,10805.51,4.8,22455,46280.74,3,4,1,0,Sim,Sim,Engenheiro,Alto
27,8502.25,7.2,25397,35139.81,6,3,2,0,Não,Sim,Analista de TI,Alto
23,16021.07,23.3,23599,22207.29,8,5,2,0,Não,Sim,Médico,Médio
58,19826.17,0.5,26866,39796.02,8,1,0,21,Sim,Sim,Médico,Médio
56,5511.94,21.2,12784,8252.9,10,3,1,0,Sim,Sim,Engenheiro,Alto
31,15469.41,14.4,33468,65539.63,9,4,0,0,Sim,Não,Analista de TI,Alto
48,17578.2,14.4,52547,69402.58,15,5,2,0,Sim,Não,Contador,Alto
42,,9.3,13053,15791.0,11,3,0,0,Sim,Sim,Engenheiro,Alto
89,3085.59,2.3,3891,5276.28,19,1,1,0,Não,Sim,Engenheiro,Médio
88,17915.73,19.5,42874,38640.95,7,5,2,29,Não,Sim,Analista de TI,Alto
72,7114.76,22.1,17856,27487.18,11,0,1,0,Sim,Não,Engenheiro,Alto
28,15360.67,25.7,23376,53740.78,14,0,2,7,Sim,Sim,Empreendedor,Médio
82,7828.31,14.5,20683,38316.82,10,3,2,0,Não,Sim,Analista_de_TI,Alto
51,8510.0,23.7,18864,28136.86,1,3,3,0,Não,Sim,Analista de TI,Alto
85,4356.38,7.3,2062,15108.82,16,2,0,0,Não,Não,Contador,Baixo
67,4024.42,27.8,5783,16329.75,16,3,3,0,Sim,Sim,Médico,Médio
73,16450.08,28.8,3898,27287.03,18,0,3,0,Sim,Não,Designer,Baixo
53,19859.36,19.4,31505,48866.57,4,2,2,0,Não,Não,Enfermeiro,Médio
33,15604.45,5.0,3022,67787.55,19,5,1,0,Sim,Sim,Contador,Baixo
32,3531.06,4.7,3395,16522.11,18,2,2,0,Sim,Não,Médico,Baixo
33,,1.5,7038,16624.99,3,0,0,0,Sim,Não,Empreendedor,Médio
28,19966.73,22.7,37225,66909.89,6,1,0,0,Sim,Sim,Empreendedor,Médio
83,12094.64,27.6,33173,12618.5,3,5,0,0,Não,Sim,Analista de TI,Alto
74,3307.19,1.5,6072,3785.92,15,0,3,0,Não,Não,Contador,Médio
69,7103.88,11.9,11705,24489.99,4,0,3,0,Não,Não,Analista de TI,Médio
55,,9.5,3892,14658.2,16,3,3,0,Não,Não,Designer,Baixo
34,18132.73,20.2,36646,76613.39,16,1,1,0,Sim,Não,Empreendedor,Alto
74,18417.9,8.1,25153,87218.58,3,0,0,0,Não,Sim,Analista de TI,Médio
85,2481.66,1.6,2416,10736.91,17,4,0,0,Não,Não,Enfermeiro,Baixo
56,5367.07,3.2,1643,11675.92,17,4,3,27,Sim,Não,Designer,Médio
88,9920.7,25.1,14757,14159.29,6,5,3,0,Não,Sim,Designer,Médio
42,5903.5,27.8,9117,17264.19,7,2,3,0,Não,Sim,Analista de TI,Médio
73,12361.46,26.7,28620,27194.07,12,5,2,0,Não,Sim,Designer,Alto
87,2763.83,24.1,1134,4715.95,12,5,0,0,Não,Sim,Contador,Baixo
28,5112.36,12.7,6926,17408.49,5,0,3,0,Não,Não,Contador,Médio
43,16868.2,18.5,32676,50452.35,2,4,1,0,Não,Sim,Designer,Médio
85,12900.98,24.9,21192,50647.66,3,0,1,58,Sim,Não,Engenheiro,Alto
76,15152.21,29.4,23907,30952.77,15,3,3,0,Sim,Não,Analista de TI,Médio
59,15051.88,14.7,21212,68197.47,14,0,0,0,Não,Sim,Engenheiro,Médio
26,7443.41,24.6,18588,35198.12,17,2,2,46,Não,Não,Analista de TI,Alto
30,6758.38,27.9,13333,9848.52,7,3,2,0,Não,Não,Professor,Médio
36,16750.93,13.8,46925,48929.22,14,5,1,33,Sim,Não,Designer,Alto
66,2078.06,8.0,5896,8422.15,5,2,3,0,Não,Não,Enfermeiro,Alto
42,2845.27,19.8,5021,10388.73,6,1,2,0,Sim,Sim,Enfermeiro,Médio
74,4676.49,9.9,5638,14002.53,20,5,2,0,Não,Sim,Contador,Médio
19,16381.86,1.0,11410,39027.15,15,0,0,0,Não,Sim,Advogado,Baixo
77,11910.65,19.6,13465,49181.21,9,0,0,0,Sim,Sim,Advogado,Médio
40,16284.52,14.9,344,54803.31,11,2,1,0,Sim,Sim,Professor,Baixo
55,13679.11,26.7,32248,15211.05,4,4,3,0,Sim,Sim,Advogado,Alto
57,10046.1,19.2,15366,17059.77,3,4,2,51,Sim,Não,Analista TI,Alto
44,15120.03,11.7,4568,38911.38,3,2,2,0,Não,Sim,Professor,Baixo
44,3638.46,20.7,7339,17473.73,4,2,3,0,Sim,Não,Advogado,Alto
84,2360.15,15.3,790,5024.63,15,0,2,0,Não,Não,Professor,Baixo
36,18488.07,15.3,164,34674.11,12,0,2,0,Sim,Não,Engenheiro,Baixo
39,14216.92,2.8,31894,35626.73,7,3,1,0,Sim,Não,Engenheiro,Alto
45,7066.77,1.4,13153,8654.53,13,3,2,0,Sim,Sim,Advogado,Médio
28,6422.0,24.0,14612,11517.96,6,1,1,0,Não,Sim,Professor,Alto
54,10445.14,27.0,18680,21560.38,9,0,2,0,Não,Sim,Analista de TI,Médio
49,15066.25,16.9,11289,54517.64,9,1,1,0,Não,Não,Analista_de_TI,Baixo
61,9803.43,12.7,18599,32251.93,10,2,0,0,Sim,Sim,Empreendedor,Médio
19,4503.36,6.8,7285,8752.4,2,3,0,0,Sim,Sim,Médico,Médio
74,14913.14,19.1,3178,25372.35,13,2,0,0,Não,Não,Advogado,Baixo
87,11834.0,16.6,32728,13085.09,10,2,0,0,Sim,Não,Enfermeiro,Alto
24,8132.94,7.5,14148,31067.57,16,2,2,50,Não,Sim,Designer,Alto
51,11351.2,6.9,4628,22169.47,2,0,3,0,Não,Sim,Empreendedor,Baixo
26,14359.68,12.9,27016,61664.81,2,0,3,0,Não,Sim,Empreendedor,Médio
22,9335.04,13.1,9769,35438.64,20,0,1,0,Não,Sim,Professor,Médio
29,6566.7,2.6,18028,13360.58,13,2,3,0,Não,Não,Designer,Alto
23,2664.52,8.8,555,12035.08,4,5,1,0,Sim,Não,Engenheiro,Baixo
36,3102.97,19.4,7661,14364.36,7,4,0,0,Sim,Não,Engenheiro,Alto
63,12180.93,6.6,22357,22634.3,16,0,3,0,Não,Sim,Professor,Médio
70,5935.96,6.0,15246,29498.21,4,5,1,0,Sim,Sim,Professor,Alto
86,,20.8,8858,21192.89,20,0,3,34,Não,Sim,Médico,Alto
59,3813.69,17.2,4465,4344.04,1,3,2,0,Não,Sim,Contador,Médio
51,9735.89,2.8,154,38398.63,14,4,0,21,Não,Sim,Engenheiro,Médio
81,16017.52,19.0,10780,63552.49,1,1,1,0,Sim,Sim,Médico,Baixo
79,7140.88,16.2,16384,8097.17,2,5,0,0,Não,Não,Designer,Alto
33,11080.99,9.8,32473,43246.16,15,4,3,0,Não,Não,Enfermeiro,Alto
76,13543.61,13.2,16747,21417.36,11,5,3,0,Sim,Não,Empreendedor,Médio
45,5927.83,14.9,15,26384.54,19,0,2,44,Sim,Sim,Enfermeiro,Alto
32,5540.0,18.8,13672,13563.66,18,0,2,0,Sim,Não,Médico,Alto
27,6224.19,13.4,851,18666.87,11,3,2,54,Sim,Sim,Professor,Alto
52,17081.01,11.6,30531,52299.01,10,2,2,0,Sim,Sim,Advogado,Médio
34,,0.7,1139,12419.08,9,3,1,0,Sim,Sim,Contador,Baixo
37,13535.13,18.0,21163,53451.21,18,4,0,0,Não,Não,Médico,Médio
47,14848.58,1.1,37960,70771.39,14,5,0,0,Não,Sim,Advogado,Alto
68,5362.56,13.5,710,6222.2,5,5,2,0,Sim,Não,Designer,Baixo
83,15713.65,14.6,30072,76357.62,16,0,0,25,Sim,Sim,Designer,Médio
51,8196.71,7.3,838,32023.85,5,0,2,10,Não,Sim,Contador,Médio
86,7703.54,17.8,15224,24593.77,1,0,3,0,Não,Sim,Contador,Médio
33,18271.87,8.5,52896,63785.29,20,1,3,0,Não,Sim,Médico,Alto
52,19461.93,18.8,30191,88392.16,4,5,0,4,Sim,Não,Eng.,Médio
29,11187.83,5.0,4564,31669.98,13,1,2,0,Não,Não,Advogado,Baixo
28,7540.94,1.4,10297,30048.81,10,3,0,0,Não,Não,Contador,Médio
69,15097.85,12.8,24624,70890.77,11,3,1,26,Sim,Sim,Advogado,Médio
33,8509.89,8.9,15348,16036.7,4,1,2,0,Não,Sim,Professor,Médio
50,7956.6,15.0,5911,32871.4,1,2,3,0,Não,Sim,Analista de TI,Baixo
52,11893.82,5.4,33959,16176.32,20,2,0,0,Não,Sim,Advogado,Alto
52,10271.09,11.9,22507,23005.8,11,2,2,0,Sim,Sim,Designer,Alto
76,3884.46,8.8,4692,14603.73,5,4,2,0,Não,Não,Analista de TI,Médio
70,7789.79,4.7,23070,31042.2,1,4,3,0,Sim,Não,Empreendedor,Alto
70,3410.31,22.6,2953,15814.27,13,3,2,0,Não,Não,Designer,Baixo
79,12741.91,1.1,15808,55064.78,11,4,1,54,Não,Não,Analista de TI,Alto
33,6818.26,1.6,20020,10850.53,17,1,2,0,Não,Sim,Engenheiro,Alto
63,15769.38,5.3,5272,18682.6,8,0,3,0,Não,Não,Empreendedor,Baixo
78,2997.93,10.0,5783,5014.53,15,5,2,0,Não,Sim,Advogado,Médio
79,19888.89,24.8,33301,27634.9,5,4,3,24,Sim,Não,Contador,Médio
55,18881.71,28.3,14412,71448.98,6,4,3,0,Não,Não,Enfermeiro,Baixo
88,16239.08,9.1,39689,53129.21,9,4,0,0,Não,Não,Analista de TI,Alto
65,18194.74,5.9,27571,61993.42,3,1,3,0,Sim,Não,Médico,Médio
42,2754.44,12.5,7166,13439.72,12,2,0,0,Não,Sim,Engenheiro,Alto
31,4348.97,17.9,11129,15625.25,10,4,1,0,Sim,Sim,Contador,Alto
47,4704.75,16.7,13467,21233.33,4,4,1,52,Sim,Sim,Professor,Alto
35,19045.13,24.8,54977,33295.24,4,5,3,0,Não,Sim,Contador,Alto
55,8478.48,30.0,8794,36074.91,3,3,1,0,Não,Sim,Empreendedor,Médio
27,5038.0,16.8,12640,12634.21,3,4,0,0,Não,Não,Empreendedor,Alto
61,17888.37,3.7,9077,52073.04,18,2,3,0,Sim,Sim,Designer,Baixo
83,14058.64,25.1,6487,33204.36,4,5,3,0,Sim,Sim,Médico,Baixo
67,4430.8,6.3,12329,20774.62,16,0,0,0,Sim,Sim,Enfermeiro,Alto
19,17019.91,28.6,6604,73060.16,3,0,3,0,Sim,Sim,Advogado,Baixo
41,10705.8,11.9,7938,52825.5,1,1,0,0,Não,Não,Analista de TI,Baixo
60,9240.52,0.8,16329,13752.52,4,2,2,0,Sim,Sim,Contador,Médio
31,6877.61,18.7,15265,27225.97,3,2,2,0,Sim,Não,Professor,Alto
72,8011.48,7.9,23975,32618.51,20,4,2,0,Sim,Sim,Médico,Alto
55,5315.0,5.4,1739,17948.97,17,0,3,0,Não,Não,Contador,Baixo
62,9513.71,24.8,3688,14423.6,20,1,3,0,Não,Sim,Analista de TI,Baixo
90,7514.48,14.0,5324,12567.99,9,5,3,0,Sim,Não,Contador,Baixo
80,2323.7,9.9,1047,10746.56,1,0,0,0,Sim,Não,Empreendedor,Baixo
58,6876.11,12.6,7520,16466.16,16,5,2,0,Sim,Não,Empreendedor,Médio
22,16278.08,25.6,10314,62742.23,2,5,1,0,Não,Sim,Enfermeiro,Baixo
83,18444.18,10.9,40201,81007.6,14,2,3,60,Sim,Não,Analista de TI,Alto
66,17402.54,22.5,29924,51443.39,0,1,3,0,Não,Não,Engenheiro,Médio
20,16819.29,15.5,15491,22992.61,13,1,2,0,Não,Sim,Enfermeiro,Baixo
55,6411.37,6.4,14145,27403.87,7,1,1,36,Sim,Não,Contador,Alto
61,12509.16,2.3,33874,24540.3,20,3,3,0,Sim,Não,Engenheiro,Alto
70,,7.3,6370,19258.82,15,1,1,0,Sim,Não,Analista de TI,Médio
75,3040.67,15.1,9038,6785.2,11,3,3,0,Sim,Não,Analista de TI,Alto
73,18543.85,3.9,24034,75435.17,7,3,0,0,Sim,Não,Engenheiro,Médio
74,2577.76,28.9,3233,5128.45,3,2,3,47,Não,Não,Engenheiro,Alto
40,11801.41,28.1,1068,12278.0,4,4,2,0,Sim,Sim,Médico,Baixo
82,8927.95,16.1,8146,27420.87,2,4,2,0,Sim,Sim,Professor,Baixo
24,,16.0,5053,10824.48,4,0,2,0,Não,Sim,Contador,Médio
73,14313.2,18.2,42472,70781.55,1,5,2,0,Sim,Sim,Designer,Alto
53,4853.61,14.0,4590,11779.55,17,2,0,0,Sim,Sim,Médico,Baixo
85,5669.26,22.1,8442,16577.48,11,4,0,38,Sim,Sim,Médico,Alto
72,,12.1,13423,20102.53,19,1,0,0,Não,Não,Contador,Alto
85,5518.06,10.4,12199,20066.02,11,2,0,0,Não,Sim,Contador,Alto
46,14898.88,9.5,29436,47401.35,20,4,3,0,Não,Não,Designer,Médio
29,12536.14,23.7,16918,17704.72,15,1,2,0,Não,Não,Designer,Médio
24,14833.45,9.6,31795,47533.14,6,0,2,0,Não,Sim,Engenheiro,Alto
76,2129.88,3.5,5584,6676.93,16,5,1,0,Não,Sim,Designer,Alto
28,11559.54,9.6,17124,37317.7,7,5,0,0,Não,Não,Designer,Médio
21,16538.96,23.9,34487,52383.01,10,5,3,0,Sim,Não,Advogado,Alto
59,2109.83,24.0,2684,7531.06,16,5,0,0,Sim,Sim,Professor,Médio
85,15059.9,8.6,33213,26091.11,2,4,1,0,Não,Sim,Empreendedor,Alto
70,,25.2,1127,7296.9,10,5,1,0,Sim,Não,Designer,Baixo
36,5197.5,6.4,5719,21025.92,17,4,3,0,Não,Sim,Enfermeiro,Médio
34,19428.58,19.2,20440,73319.84,15,4,3,0,Não,Sim,Empreendedor,Médio
35,13127.14,23.7,31912,65238.97,0,3,0,14,Sim,Não,Enfermeiro,Alto
36,7647.66,29.5,20635,19738.52,4,2,3,0,Sim,Não,Advogado,Alto
52,5460.06,29.4,11385,20457.97,9,5,0,0,Não,Não,Engenheiro,Alto
55,2094.67,26.2,6004,3789.78,18,3,1,44,Não,Sim,Engenheiro,Alto
53,15356.53,18.6,31535,58851.85,13,4,0,0,Não,Não,Designer,Alto
87,13031.96,4.9,2991,23183.66,2,0,1,0,Sim,Sim,Empreendedor,Baixo
46,7953.73,26.1,16190,16686.65,2,3,2,0,Não,Sim,Médico,Alto
69,10751.44,5.9,19113,34172.9,9,3,0,0,Sim,Não,Médico,Médio
41,15621.12,27.4,20707,30906.2,15,5,0,0,Sim,Não,Advogado,Médio
28,9482.39,21.9,18994,18073.84,8,5,1,27,Não,Sim,Engenheiro,Alto
59,14427.84,27.3,6994,61495.22,19,5,3,0,Sim,Sim,Empreendedor,Baixo
26,10304.21,3.9,30039,41633.04,4,0,0,0,Não,Sim,Professor,Alto
23,5028.91,13.3,1286,22429.9,10,4,2,0,Não,Não,Advogado,Baixo
46,11566.84,27.5,31530,23117.53,5,1,1,0,Sim,Não,Designer,Alto
77,18759.3,0.2,13108,51742.15,10,2,1,0,Sim,Não,Médico,Baixo
39,10437.58,6.7,16155,37294.55,1,5,1,0,Sim,Não,Professor,Médio
71,4495.79,13.4,4194,5883.46,5,0,1,46,Sim,Sim,Enfermeiro,Alto
84,18730.83,18.6,12024,73058.47,16,2,1,0,Sim,Não,Enfermeiro,Baixo
46,3035.03,13.5,2835,5516.35,12,4,1,0,Sim,Sim,Advogado,Baixo
29,17996.45,22.8,28979,82795.17,1,0,3,0,Sim,Sim,Designer,Médio
48,11979.37,3.4,10737,46348.47,3,2,3,0,Não,Sim,Engenheiro,Baixo
30,13148.34,3.4,3491,54042.14,12,1,2,0,Não,Sim,Analista de TI,Baixo
52,5733.07,12.3,8863,13827.04,16,5,2,0,Sim,Não,Engenheiro,Médio
23,19730.28,17.6,2009,50994.69,18,1,3,0,Sim,Sim,Engenheiro,Baixo
70,2879.3,3.8,4805,3372.84,17,2,0,0,Não,Não,Analista de TI,Médio
57,5582.56,16.0,4166,20295.55,0,1,3,46,Sim,Sim,Analista de TI,Alto
49,3186.15,17.3,7591,10274.74,4,3,1,0,Não,Sim,Professor,Alto
50,4084.36,6.0,6235,17135.48,0,0,3,1,Sim,Não,Analista de TI,Médio
22,15834.73,20.3,30339,69357.21,4,1,0,21,Sim,Não,Empreendedor,Médio
72,7746.12,9.5,2536,30351.75,3,4,0,0,Não,Não,Advogado,Baixo
32,12721.19,26.6,18955,63011.75,12,3,0,0,Não,Não,Contador,Médio
30,17531.91,5.3,10363,18665.63,5,4,3,0,Não,Sim,Analista de TI,Baixo
55,15978.05,22.8,14742,36978.2,7,4,1,0,Sim,Sim,Advogado,Baixo
58,11211.75,2.4,12882,27886.06,1,0,1,0,Não,Sim,Professor,Médio
57,2965.71,19.1,4287,8873.01,1,5,0,0,Não,Sim,Empreendedor,Médio
78,6691.46,29.2,4641,10251.66,13,4,0,0,Sim,Sim,Advogado,Baixo
48,10510.68,11.8,1994,31273.33,2,4,1,0,Sim,Sim,Professor,Baixo
79,13372.77,5.0,2140,59790.4,12,4,3,0,Não,Não,Engenheiro,Baixo
54,7043.39,21.2,18424,15158.06,19,2,2,0,Sim,Sim,Professor,Alto
32,7664.57,24.1,17474,31137.55,6,3,3,44,Não,Não,Advogado,Alto
60,,21.2,11065,6222.02,5,3,1,5,Não,Não,Enfermeiro,Alto
49,14290.93,18.3,36936,38877.27,15,0,1,0,Sim,Não,Advogado,Alto
49,11841.92,1.6,32672,20271.35,11,4,0,0,Não,Não,Médico,Alto
29,11201.96,19.4,22386,47968.34,14,2,2,0,Não,Não,Contador,Médio
68,16471.9,12.3,33788,27383.08,1,4,0,0,Sim,Não,Professor,Alto
55,9020.68,25.3,13870,40131.51,5,4,3,0,Sim,Não,Designer,Médio
48,5001.02,23.4,14852,10581.66,3,2,3,37,Não,Não,Médico,Alto
44,13581.84,17.8,37442,55209.81,10,1,1,0,Sim,Não,Advogado,Alto
30,12034.77,1.5,14208,31242.8,11,4,0,0,Não,Não,Professor,Médio
45,4015.74,28.6,8921,18330.13,20,5,2,0,Não,Não,Contador,Alto
19,2465.14,17.5,4417,10234.15,13,4,2,0,Sim,Sim,Engenheiro,Médio
81,17421.02,2.6,19709,18333.36,2,3,0,0,Sim,Não,Contador,Médio
41,4331.92,24.3,9042,20862.03,9,4,1,24,Sim,Sim,Analista_de_TI,Alto
38,,22.2,8489,7196.02,16,0,2,0,Não,Sim,Médico,Médio
32,15862.6,23.7,13958,70847.92,15,1,2,0,Sim,Não,Designer,Baixo
73,4180.11,16.7,11661,14528.32,5,0,0,4,Não,Não,Enfermeiro,Alto
80,2040.55,29.9,1289,7389.92,3,5,2,11,Não,Não,Analista de TI,Médio
86,13978.65,28.6,37597,38763.55,2,0,1,0,Não,Sim,Médico,Alto
29,17182.66,1.7,47816,17276.27,10,3,2,0,Não,Sim,Empreendedor,Alto
50,19628.53,7.3,48312,42808.81,0,0,0,0,Sim,Sim,Engenheiro,Alto
78,,25.2,5252,12991.23,14,0,3,0,Sim,Sim,Analista de TI,Médio
28,2473.31,6.1,1152,9772.85,19,0,2,0,Sim,Não,Analista de TI,Baixo
63,,17.8,14352,20901.92,0,1,1,0,Não,Sim,Advogado,Alto
60,9390.52,4.5,25653,39197.62,11,3,0,29,Não,Não,Advogado,Alto
54,8839.32,6.0,2133,20088.16,10,3,0,0,Sim,Não,Engenheiro,Baixo
69,,28.3,6680,14632.99,11,3,0,0,Sim,Não,Analista de TI,Médio
25,16370.1,9.8,27899,21242.34,20,3,1,8,Não,Não,Professor,Médio
57,18997.41,27.4,31260,46852.08,3,1,3,0,Sim,Não,Designer,Médio
86,11470.43,10.0,1882,41407.39,10,4,1,0,Não,Sim,Enfermeiro,Baixo
65,9320.96,18.5,18390,37317.24,2,2,1,0,Sim,Sim,Contador,Médio
68,15842.41,10.7,12452,47169.16,12,5,1,0,Não,Sim,Empreendedor,Baixo
83,9932.9,8.7,14830,16326.56,16,1,1,0,Não,Não,Advogado,Médio
89,8186.19,19.2,19990,39684.58,6,4,2,0,Sim,Sim,Designer,Alto
24,14198.63,7.2,13785,30788.05,20,3,1,0,Sim,Não,Designer,Baixo
46,9631.09,7.5,6883,45341.26,13,3,3,0,Sim,Não,Designer,Baixo
80,8431.93,25.3,20031,36813.84,4,0,0,0,Sim,Sim,Professor,Alto
31,6080.18,24.9,10101,30090.76,16,0,3,0,Sim,Não,Engenheiro,Médio
25,11389.03,9.4,33707,14564.81,9,0,3,44,Não,Sim,Analista de TI,Alto
31,17789.88,23.3,44718,27808.38,14,5,0,60,Não,Não,Professor,Alto
54,2237.12,27.9,6026,2839.86,10,0,1,0,Sim,Não,Advogado,Alto
47,11143.03,7.0,17199,41600.6,15,1,3,0,Não,Não,Professor,Médio
43,4391.35,10.1,11656,13498.21,11,0,1,0,Sim,Não,Contador,Alto
66,8092.02,8.3,4847,12951.63,1,1,2,28,Sim,Sim,Advogado,Médio
66,17042.02,1.7,24595,42148.09,16,0,1,0,Sim,Não,Analista de TI,Médio
67,9822.51,6.7,12532,18910.3,3,4,2,0,Não,Não,Professor,Médio
86,11394.84,5.3,9324,15173.46,14,4,1,0,Não,Não,Engenheiro,Baixo
56,6023.67,29.1,14503,21218.28,14,5,3,0,Sim,Não,Empreendedor,Alto
20,11920.85,19.5,1246,57743.37,2,1,3,0,Sim,Não,Designer,Baixo
41,,7.3,6194,16656.45,15,5,3,0,Não,Sim,Contador,Médio
75,16633.68,6.7,39854,80054.71,2,1,3,0,Não,Não,Empreendedor,Alto
54,11528.32,19.6,24207,34333.15,13,5,1,0,Não,Não,Médico,Alto
36,15005.74,4.4,19745,47592.92,16,4,2,0,Não,Não,Contador,Médio
67,14732.85,26.5,17377,48999.7,20,3,0,0,Não,Não,Analista de TI,Médio
55,3480.35,9.5,3116,17346.73,16,1,3,0,Sim,Sim,Engenheiro,Baixo
50,16467.06,7.7,34264,43154.13,9,1,3,0,Sim,Não,Contador,Alto
41,7776.29,19.5,11850,18134.7,6,1,0,4,Sim,Sim,Engenheiro,Médio
55,10846.09,0.3,8579,28533.76,13,0,1,27,Sim,Sim,Empreendedor,Médio
80,2200.18,11.8,1445,6022.44,16,3,0,0,Não,Não,Contador,Baixo
22,12896.34,20.4,33490,57972.89,4,4,1,0,Não,Sim,Professor,Alto
47,19557.72,10.5,24579,20058.51,7,1,3,29,Sim,Não,Designer,Médio
69,9334.64,21.6,5774,35364.12,19,1,1,47,Sim,Não,Enfermeiro,Alto
20,6283.07,21.3,13587,22313.54,19,3,0,0,Não,Não,Analista de TI,Alto
54,8956.04,2.3,9065,23510.4,10,1,3,58,Sim,Sim,Empreendedor,Alto
82,14926.82,3.4,24389,72295.12,8,2,3,0,Não,Sim,Engenheiro,Médio
89,15210.16,28.3,15143,37498.3,14,3,3,0,Não,Não,Empreendedor,Baixo
61,17921.41,8.8,7418,19546.85,20,1,1,47,Não,Não,Analista_de_TI,Alto
21,3490.63,1.0,1129,11749.33,0,0,2,0,Não,Não,Engenheiro,Baixo
46,15020.56,15.6,17766,42143.77,7,5,3,0,Não,Sim,Empreendedor,Médio
63,18722.77,17.2,24732,37457.18,1,2,1,0,Sim,Não,Professor,Médio
39,14167.9,2.6,18859,30056.14,16,2,3,0,Sim,Sim,Analista de TI,Médio
74,17320.35,4.0,49228,55244.79,18,5,0,16,Não,Sim,Empreendedor,Alto
54,10009.06,17.0,9603,16393.61,7,5,2,0,Sim,Sim,Contador,Baixo
47,12574.75,7.5,31970,31014.52,18,1,0,0,Não,Não,Empreendedor,Alto
74,12559.47,1.4,3409,36951.22,19,3,2,0,Não,Não,Empreendedor,Baixo
27,11549.12,28.4,7473,33451.08,20,2,2,0,Não,Sim,Designer,Baixo
88,10260.65,14.1,12502,35715.75,0,2,0,0,Não,Não,Médico,Médio
90,10015.49,8.0,12194,14720.66,9,0,2,0,Não,Sim,Analista de TI,Médio
66,17804.62,0.8,31058,34324.49,10,4,3,0,Sim,Sim,Analista de TI,Médio
82,11608.5,25.5,21483,31665.74,11,0,1,0,Sim,Sim,Médico,Médio
71,6841.88,14.0,7930,11628.04,20,1,1,0,Não,Sim,Empreendedor,Médio
74,15113.68,22.2,22352,40462.8,11,3,0,0,Sim,Sim,Designer,Médio
33,,24.6,13486,6134.98,1,1,2,0,Não,Sim,Empreendedor,Alto
74,12441.37,7.4,21993,32377.3,19,2,1,0,Sim,Sim,Advogado,Médio
84,,27.9,3781,13957.98,8,5,0,0,Não,Não,Designer,Baixo
40,14216.06,15.3,9481,43661.52,0,3,0,0,Não,Sim,Contador,Baixo
56,5523.18,18.2,12528,16514.28,19,0,2,0,Sim,Não,Contador,Alto
58,11750.54,18.0,15690,18595.87,12,5,2,0,Sim,Não,Professor,Médio
25,6041.93,0.3,12207,25663.16,13,2,3,0,Não,Sim,Enfermeiro,Alto
47,14439.78,25.2,22517,32860.39,3,2,1,57,Sim,Sim,Professor,Alto
75,10037.5,12.2,4391,16353.84,16,1,3,0,Sim,Não,Engenheiro,Baixo
73,17677.08,10.2,38529,64180.16,13,0,0,0,Não,Não,Médico,Alto
60,11621.31,20.3,25384,12011.86,13,3,2,0,Sim,Não,Empreendedor,Alto
38,6336.63,18.7,16578,30020.68,19,5,3,45,Sim,Sim,Empreendedor,Alto
45,7748.35,2.9,2442,11978.06,13,0,0,0,Sim,Não,Advogado,Baixo
42,13961.31,19.3,38262,33869.34,18,4,0,0,Não,Sim,Professor,Alto
42,18572.65,4.3,40989,89850.41,20,2,3,0,Não,Não,Engenheiro,Alto
48,11241.49,16.0,19972,48272.73,3,2,0,0,Não,Não,Engenheiro,Médio
31,4829.2,28.7,8756,21241.75,6,0,0,5,Sim,Sim,Engenheiro,Médio
35,14720.3,24.7,7054,70312.65,18,1,2,0,Sim,Não,Advogado,Baixo
86,8035.7,18.2,9007,14556.87,20,0,0,0,Sim,Não,Designer,Médio
72,6207.27,5.6,13885,25572.62,11,2,0,0,Não,Não,Médico,Alto
75,13270.33,6.5,13442,31890.5,18,3,1,44,Sim,Não,Enfermeiro,Alto
64,7495.05,20.3,20541,22448.55,13,4,1,14,Sim,Sim,Empreendedor,Alto
42,8071.15,22.9,18814,31504.02,3,0,2,45,Não,Não,Analista_de_TI,Alto
49,8329.81,5.1,22094,41267.14,10,1,0,0,Não,Não,Enfermeiro,Alto
50,12023.22,25.2,33781,25408.84,13,2,2,0,Não,Sim,Designer,Alto
24,18205.75,10.7,31253,74027.16,16,0,3,0,Sim,Não,Empreendedor,Médio
67,9627.22,16.0,574,29481.87,7,1,0,11,Sim,Não,Contador,Médio
43,17248.07,10.3,18436,80445.8,17,2,0,3,Não,Não,Enfermeiro,Médio
80,6550.53,29.5,12636,19686.09,15,4,2,0,Sim,Sim,Enfermeiro,Médio
56,19651.81,18.5,24801,58943.28,19,3,1,0,Não,Sim,Empreendedor,Médio
52,18991.84,8.9,4089,31868.63,13,0,1,0,Não,Sim,Empreendedor,Baixo
38,2788.42,22.4,5687,3509.49,18,1,3,0,Sim,Não,Engenheiro,Alto
38,3188.47,22.0,4485,12410.46,9,5,1,0,Não,Sim,Engenheiro,Médio
43,8550.98,7.4,14692,29548.96,6,4,1,0,Não,Não,Advogado,Médio
77,3521.26,0.4,7421,9162.47,16,5,0,0,Não,Sim,Contador,Alto
89,6767.93,19.3,8924,6912.4,15,4,1,0,Não,Sim,Advogado,Médio
48,19357.99,26.5,23858,46447.27,5,4,3,0,Sim,Sim,Professor,Médio
56,4585.28,17.9,8893,12372.43,2,1,3,0,Sim,Sim,Contador,Médio
60,,20.4,3534,10410.41,12,0,0,57,Não,Não,Engenheiro,Alto
20,4965.93,29.9,7431,11313.49,20,2,3,0,Não,Não,Engenheiro,Médio
62,13386.58,20.8,37880,41046.17,2,2,0,0,Não,Não,Engenheiro,Alto
22,11260.59,7.6,23461,52842.66,0,4,3,0,Sim,Sim,Médico,Alto
61,6140.22,22.8,13452,26751.93,18,3,0,27,Sim,Sim,Empreendedor,Alto
49,6854.09,21.2,19090,29460.41,10,2,3,0,Sim,Sim,Enfermeiro,Alto
39,13372.94,15.6,18067,65444.97,11,0,0,0,Sim,Sim,Enfermeiro,Médio
49,13809.43,9.5,14340,63117.1,16,4,0,0,Não,Sim,Designer,Médio
33,13740.38,2.2,40129,55430.51,1,3,1,0,Não,Sim,Enfermeiro,Alto
61,16755.62,9.6,3918,28883.0,15,4,1,0,Não,Não,Engenheiro,Baixo
54,7364.34,1.9,9785,26657.48,20,4,2,34,Sim,Sim,Contador,Alto
42,3562.95,16.1,154,9887.38,12,3,3,37,Não,Sim,Contador,Alto
87,14938.67,15.5,25965,51997.48,15,1,2,0,Não,Não,Advogado,Médio
20,18493.65,6.2,7972,64814.24,12,1,2,0,Sim,Sim,Contador,Baixo
84,19713.75,3.4,58298,32778.28,11,1,0,9,Não,Não,Designer,Alto
38,8528.28,0.7,19264,35668.3,16,2,1,0,Sim,Sim,Contador,Alto
45,19010.84,7.2,39150,75810.75,15,5,2,0,Não,Sim,Analista_de_TI,Alto
27,18490.15,16.3,14456,22888.85,12,1,3,0,Não,Sim,Advogado,Baixo
61,11698.86,6.9,25827,25608.65,19,0,0,0,Sim,Não,Analista de TI,Alto
74,2723.58,10.7,5972,5306.29,4,0,1,0,Sim,Não,Médico,Alto
88,16774.36,5.9,8410,66187.48,8,4,0,0,Não,Não,Enfermeiro,Baixo
29,16843.99,12.4,28890,22135.41,2,4,0,0,Sim,Sim,Enfermeiro,Médio
30,2581.88,7.7,3314,4187.24,17,5,1,0,Não,Sim,Advogado,Médio
63,18852.01,29.9,37524,49939.52,11,3,3,0,Não,Sim,Engenheiro,Médio
77,11985.93,27.2,4984,23342.99,18,4,2,0,Não,Não,Analista de TI,Baixo
59,4969.68,7.0,7638,13114.89,1,2,2,0,Sim,Não,Analista de TI,Médio
84,9161.55,13.5,22060,27960.08,7,5,0,0,Não,Sim,Contador,Alto
75,14536.25,29.6,3997,39080.5,6,5,0,0,Sim,Não,Advogado,Baixo
85,11293.16,11.4,16653,20144.17,3,3,0,0,Sim,Não,Analista de TI,Médio
79,13826.82,16.7,4375,32196.82,7,0,2,0,Sim,Não,Contador,Baixo
44,8773.42,19.7,10034,41314.16,14,0,2,32,Sim,Sim,Analista de TI,Alto
85,14902.06,27.4,3433,45252.04,0,4,1,0,Sim,Não,Advogado,Baixo
51,10871.66,13.0,7455,51012.94,4,2,2,0,Sim,Sim,Engenheiro,Baixo
38,6676.2,14.6,13211,7867.02,8,1,0,0,Não,Não,Professor,Médio
78,18698.02,23.5,33398,86472.06,12,2,3,0,Não,Sim,Enfermeiro,Médio
38,11985.48,19.6,18186,24297.84,13,4,2,59,Sim,Não,Contador,Alto
75,,13.9,7920,7541.87,16,3,3,0,Sim,Sim,Professor,Médio
57,8044.2,13.6,8038,23293.95,1,0,3,0,Sim,Sim,Professor,Baixo
76,12131.12,8.9,7609,18943.58,7,2,3,0,Não,Sim,Enfermeiro,Baixo
84,13347.02,25.5,25358,42310.32,2,0,2,0,Não,Não,Empreendedor,Médio
35,9824.24,17.0,27432,21941.06,0,5,0,41,Não,Sim,Contador,Alto
52,2923.16,2.4,1039,13619.46,10,3,1,0,Não,Não,Professor,Baixo
45,19518.33,21.2,6503,49682.91,1,1,2,0,Não,Não,Advogado,Baixo
70,15447.93,13.8,3558,64266.62,10,5,0,0,Não,Não,Analista TI,Baixo
50,13872.81,18.5,22106,23415.77,16,4,1,0,Sim,Não,Enfermeiro,Médio
29,,20.4,7338,12535.25,16,5,0,0,Não,Não,Enfermeiro,Médio
23,6612.44,21.4,3073,20456.12,20,4,0,0,Não,Sim,Médico,Baixo
61,19287.23,22.4,28457,37888.07,20,1,1,0,Não,Não,Analista de TI,Médio
83,13105.19,11.7,34884,43489.81,18,5,2,0,Não,Não,Médico,Alto
70,7857.94,26.2,14097,34533.13,5,2,1,0,Não,Sim,Empreendedor,Médio
56,6956.7,1.8,2490,21481.38,13,3,1,0,Sim,Não,Analista de TI,Baixo
87,15669.17,27.2,46941,47732.11,10,3,1,0,Não,Não,Empreendedor,Alto
62,6051.2,21.9,13530,17480.17,5,5,3,50,Sim,Não,Contador,Alto
73,10692.37,19.4,19327,28728.15,2,4,0,44,Sim,Não,Contador,Alto
86,10807.12,1.7,20506,51502.43,12,4,0,10,Não,Sim,Designer,Médio
38,17989.28,28.4,50312,20781.43,12,3,3,0,Sim,Sim,Enfermeiro,Alto
27,6024.21,3.7,12810,6572.06,6,2,1,27,Não,Sim,Advogado,Alto
34,19202.56,17.4,40050,90201.72,9,1,2,0,Não,Não,Empreendedor,Alto
39,15277.95,27.5,31168,28087.42,8,2,0,0,Sim,Não,Enfermeiro,Alto
42,16957.85,24.0,50795,34424.65,7,3,1,0,Não,Não,Engenheiro,Alto
60,13175.29,13.7,11848,26304.75,4,3,2,0,Sim,Não,Enfermeiro,Baixo
36,19035.23,26.4,13357,92547.08,13,5,0,0,Não,Não,Médico,Baixo
63,12987.73,27.9,20186,51253.15,12,5,0,0,Sim,Sim,Professor,Médio
56,10010.74,27.7,19767,39237.56,19,0,3,0,Sim,Sim,Designer,Médio
43,19761.28,24.3,38310,37897.89,20,2,1,0,Não,Não,Empreendedor,Médio
78,2493.63,28.0,3149,6166.26,9,3,0,42,Não,Não,Médico,Alto
50,12942.09,18.6,19420,38503.96,5,4,2,0,Não,Não,Médico,Médio
50,8909.31,18.2,9626,34485.73,1,3,0,39,Sim,Não,Médico,Alto
69,8981.9,10.9,7774,17687.43,5,4,0,0,Sim,Sim,Enfermeiro,Baixo
40,18289.24,29.2,26608,61060.24,5,5,2,0,Sim,Não,Designer,Médio
57,15177.12,8.8,14718,23727.58,4,2,2,38,Não,Sim,Médico,Alto
86,13778.21,10.1,21327,29969.23,18,4,0,0,Não,Sim,Analista de TI,Médio
61,19702.28,11.9,42337,65497.67,0,3,1,0,Sim,Sim,Contador,Alto
76,6774.5,9.5,16198,12483.81,20,5,0,0,Não,Sim,Analista de TI,Alto
85,12292.11,13.5,25063,60599.96,16,0,0,8,Não,Sim,Empreendedor,Alto
44,12761.98,21.3,14889,25317.36,13,3,2,0,Sim,Não,Contador,Médio
21,5432.92,7.8,8855,15901.8,3,4,0,0,Sim,Sim,Analista de TI,Médio
36,3392.47,18.2,6234,8561.21,13,5,2,21,Sim,Não,Contador,Médio
46,10281.11,22.7,24019,30039.59,6,2,0,0,Não,Sim,Advogado,Alto
58,15327.28,1.2,17685,52366.76,1,4,0,0,Não,Sim,Empreendedor,Médio
48,2910.14,18.6,2561,13814.12,19,4,1,0,Sim,Não,Designer,Baixo
77,5366.18,9.4,2414,19931.13,14,5,1,0,Não,Sim,Empreendedor,Baixo
20,4966.56,11.2,5169,13054.74,1,4,1,0,Não,Sim,Empreendedor,Médio
43,7565.3,11.5,11304,25733.37,19,5,1,13,Não,Sim,Empreendedor,Médio
27,10793.68,22.0,21405,24301.16,20,0,0,20,Sim,Sim,Empreendedor,Médio
27,9004.85,22.7,9041,20958.05,9,2,0,26,Não,Sim,Advogado,Médio
39,14730.57,24.5,38110,45983.96,9,2,3,0,Não,Não,Contador,Alto
27,10649.74,11.0,10976,52978.81,19,5,1,0,Sim,Não,Professor,Médio
82,4067.71,1.8,11356,17071.18,5,0,1,0,Sim,Não,Professor,Alto
64,14587.3,27.7,21648,61420.74,7,3,0,0,Não,Não,Enfermeiro,Médio
63,6138.6,16.8,4674,29219.69,20,0,0,0,Sim,Sim,Professor,Baixo
34,8481.86,28.1,12195,9171.53,17,3,2,0,Sim,Sim,Empreendedor,Médio
86,5704.36,7.8,2508,14511.02,8,3,1,0,Não,Sim,Médico,Baixo
80,4957.31,12.0,3165,18099.34,19,2,0,0,Sim,Sim,Empreendedor,Baixo
27,5441.43,6.7,11559,25350.19,5,3,2,0,Não,Sim,Engenheiro,Alto
54,18236.38,17.1,6677,45214.16,6,3,2,0,Sim,Não,Advogado,Baixo
36,6759.82,3.7,5353,20073.87,1,1,0,0,Sim,Não,Professor,Baixo
63,16035.68,24.3,588,65925.59,10,3,1,0,Sim,Sim,Advogado,Baixo
22,,1.3,9866,24033.97,18,4,1,0,Não,Sim,Enfermeiro,Médio
21,12436.22,14.9,2688,17712.49,9,2,3,54,Não,Não,Enfermeiro,Alto
67,2230.2,27.4,123,7859.13,20,2,1,0,Não,Não,Enfermeiro,Baixo
74,,1.0,2208,18340.16,11,1,1,0,Não,Sim,Analista de TI,Baixo
41,2252.12,25.3,6442,2794.35,11,2,0,0,Não,Não,Advogado,Alto
53,5868.4,25.6,8910,28938.67,10,0,2,0,Não,Sim,Enfermeiro,Médio
39,4848.52,1.8,4422,6560.47,15,1,0,0,Não,Não,Engenheiro,Baixo
63,14332.94,28.9,27639,29303.61,7,3,1,0,Sim,Sim,Engenheiro,Médio
37,17112.45,12.8,42605,80875.49,17,2,0,0,Sim,Não,Enfermeiro,Alto
42,5552.24,22.4,10872,25995.24,1,5,3,0,Não,Sim,Enfermeiro,Médio
58,,23.9,3777,8700.34,17,0,1,15,Sim,Não,Contador,Médio
35,18407.2,0.9,929,70261.52,10,1,2,0,Sim,Não,Enfermeiro,Baixo
58,19273.81,1.4,46635,75136.34,17,1,0,42,Não,Sim,Médico,Alto
27,19253.11,15.1,31135,75058.41,9,1,1,0,Sim,Não,Advogado,Médio
63,13045.69,7.2,25518,25236.08,7,2,0,0,Sim,Sim,Engenheiro,Médio
50,3858.91,12.3,2180,12156.61,11,3,0,0,Não,Sim,Analista de TI,Baixo
64,16056.29,1.2,45409,23285.81,11,5,2,0,Não,Sim,Professor,Alto
39,10840.3,5.6,15714,19013.16,7,4,2,36,Sim,Sim,Analista de TI,Alto
80,3191.76,16.7,9246,4470.13,3,2,0,0,Não,Não,Engenheiro,Alto
75,15056.27,14.7,8548,57703.53,14,2,0,8,Sim,Sim,Advogado,Médio
39,18005.36,21.1,36266,72555.18,11,3,3,29,Não,Sim,Empreendedor,Alto
79,4677.94,3.7,11028,17659.15,15,1,3,44,Não,Sim,Empreendedor,Alto
78,17719.98,12.7,18501,33164.65,0,1,0,0,Não,Sim,Advogado,Médio
61,10334.89,23.5,14932,48597.13,7,5,1,0,Sim,Não,Designer,Médio
42,,14.9,9046,9464.29,12,4,0,0,Sim,Sim,Advogado,Médio
77,10718.38,13.9,16797,32493.43,14,0,3,25,Sim,Sim,Empreendedor,Médio
60,10490.41,11.0,10912,35463.64,17,5,1,0,Não,Não,Advogado,Médio
52,10071.21,5.6,232,22635.54,5,1,2,46,Não,Não,Professor,Alto
72,12828.56,3.7,24412,58646.9,17,4,1,0,Sim,Sim,Designer,Médio
87,8254.48,14.3,7324,28915.37,5,1,1,2,Sim,Não,Médico,Médio
38,8094.75,0.4,4873,21231.22,16,2,3,0,Sim,Sim,Advogado,Baixo
41,13312.18,11.7,6337,30437.43,17,4,0,0,Sim,Sim,Médico,Baixo
36,9006.5,26.0,23654,41797.27,8,1,2,7,Não,Sim,Contador,Alto
77,16155.77,25.7,28733,38658.59,18,5,3,0,Não,Sim,Empreendedor,Médio
29,17374.03,19.9,35485,72034.92,7,5,2,0,Sim,Não,Empreendedor,Alto
56,11041.96,5.7,1367,38040.43,13,1,2,0,Sim,Sim,Professor,Baixo
78,2549.33,27.0,7641,10875.67,4,5,0,0,Não,Sim,Analista de TI,Alto
41,9636.48,5.7,11632,18176.4,6,0,1,43,Não,Sim,Empreendedor,Alto
72,3754.52,17.0,6867,12461.97,13,2,1,42,Sim,Sim,Enfermeiro,Alto
38,7640.75,3.6,1522,11163.99,2,5,1,0,Sim,Sim,Designer,Baixo
67,13814.87,0.7,15641,19974.12,3,1,0,0,Sim,Não,Advogado,Médio
27,15643.46,20.1,24160,58216.48,15,2,0,0,Sim,Sim,Médico,Médio
27,2641.84,27.3,4791,6466.82,1,4,2,0,Sim,Não,Prof.,Médio
90,13923.38,7.5,18803,33607.16,8,1,1,17,Não,Sim,Designer,Médio
81,3965.32,15.1,8115,7861.82,6,2,2,34,Sim,Sim,Contador,Alto
32,4449.09,23.2,13150,14172.64,16,0,2,0,Sim,Sim,Médico,Alto
24,8327.36,15.6,5106,40781.7,19,2,1,0,Não,Sim,Contador,Baixo
89,4986.81,28.1,14664,23408.36,3,2,0,25,Não,Não,Analista de TI,Alto
60,7975.98,24.6,23163,9245.09,17,2,3,0,Não,Sim,Médico,Alto
60,18116.81,28.5,3009,63216.71,17,0,3,0,Sim,Não,Professor,Baixo
25,6852.25,13.1,10019,15045.13,0,3,2,0,Sim,Não,Enfermeiro,Médio
52,14281.3,15.2,39518,45195.1,13,2,2,15,Não,Não,Empreendedor,Alto
63,17553.84,2.9,9185,46858.01,19,3,1,0,Não,Não,Médico,Baixo
89,6699.96,7.6,16673,16901.17,9,4,0,0,Sim,Não,Professor,Alto
70,4231.22,23.6,1814,18091.09,4,0,2,0,Não,Sim,Designer,Baixo
42,13494.74,24.9,12156,47794.77,14,2,3,0,Não,Não,Analista de TI,Baixo
24,8434.45,22.1,23264,20985.39,3,2,0,7,Sim,Sim,Contador,Alto
28,9690.23,29.1,25616,27656.92,10,2,3,60,Sim,Sim,Analista de TI,Alto
66,18476.64,19.1,8156,72028.76,2,1,0,0,Não,Sim,Engenheiro,Baixo
85,7421.22,13.9,4884,30361.33,14,3,2,0,Sim,Sim,Engenheiro,Baixo
42,3229.54,20.8,7751,14598.87,15,1,1,29,Não,Sim,Advogado,Alto
90,9933.68,12.7,333,12017.43,6,2,2,58,Sim,Sim,Médico,Alto
46,3705.38,7.1,10241,16899.78,15,1,0,0,Não,Não,Analista de TI,Alto
34,18076.67,6.5,41199,21588.26,6,2,3,53,Não,Sim,Médico,Alto
43,3556.64,23.2,7564,11802.54,3,4,2,0,Não,Não,Enfermeiro,Alto
84,7268.61,4.1,13327,27141.86,15,5,2,0,Sim,Sim,Professor,Médio
71,19977.49,19.5,15010,39061.19,10,3,3,0,Não,Não,Contador,Baixo
72,5082.88,13.2,3834,10284.15,17,4,1,0,Sim,Não,Designer,Baixo
21,12489.12,26.1,7331,52954.65,1,5,3,0,Não,Sim,Professor,Baixo
37,16889.49,21.8,5044,42197.45,6,0,3,0,Sim,Não,Analista de TI,Baixo
26,13555.6,20.5,29668,51159.23,14,4,3,0,Sim,Sim,Designer,Alto
20,15373.77,21.2,40607,41561.85,14,2,1,0,Sim,Não,Empreendedor,Alto
77,4385.94,6.3,5930,5296.36,7,1,0,26,Não,Sim,Enfermeiro,Médio
74,18139.16,26.3,23638,41948.96,18,1,3,0,Não,Sim,Analista de TI,Médio
39,2786.11,2.7,1712,9038.26,2,4,1,0,Sim,Sim,Enfermeiro,Baixo
74,11743.34,3.8,29664,51456.87,0,4,1,0,Não,Sim,Enfermeiro,Alto
28,14206.28,18.5,37357,35702.13,17,5,2,0,Não,Não,Empreendedor,Alto
41,11782.02,18.9,33471,24562.44,20,2,0,0,Não,Não,Engenheiro,Alto
42,,12.0,612,18065.68,5,5,0,0,Sim,Não,Professor,Baixo
67,18215.41,13.6,28072,87347.12,5,5,0,28,Não,Não,Engenheiro,Médio
63,12890.65,13.2,34177,34892.21,2,5,0,0,Sim,Não,Advogado,Alto
75,8949.22,16.7,2647,43504.5,8,0,3,0,Não,Sim,Médico,Baixo
48,2962.01,29.8,3768,13949.49,13,5,1,59,Não,Sim,Advogado,Alto
76,7687.28,11.5,18617,10255.96,9,2,3,37,Sim,Sim,Enfermeiro,Alto
31,17743.31,9.3,24790,70342.82,19,2,0,0,Sim,Não,Médico,Médio
19,12780.62,8.0,7794,26778.42,17,3,2,0,Não,Não,Engenheiro,Baixo
73,12146.02,17.9,27511,31876.27,3,2,2,0,Não,Sim,Contador,Alto
41,6862.67,19.9,4742,23957.91,19,3,2,47,Sim,Sim,Contador,Alto
34,7539.41,29.0,538,22051.27,19,2,1,45,Sim,Não,Advogado,Alto
50,14184.84,27.9,10817,65851.68,7,3,1,9,Não,Não,Designer,Médio
57,17524.22,5.4,21710,29168.37,16,2,3,0,Sim,Sim,Designer,Médio
84,19924.91,22.0,27743,70119.86,16,3,1,19,Não,Sim,Analista de TI,Médio
62,8675.52,27.2,3078,10037.95,20,0,2,0,Sim,Sim,Engenheiro,Baixo
63,6089.06,13.8,14958,28384.53,10,5,0,0,Não,Não,Advogado,Alto
68,9099.79,29.5,20740,25012.78,0,0,3,49,Não,Sim,Engenheiro,Alto
71,12818.4,28.8,14418,25760.95,8,0,3,0,Sim,Sim,Professor,Médio
58,12450.54,28.4,31174,60996.32,16,0,2,49,Sim,Sim,Professor,Alto
89,18518.48,10.8,25680,85061.11,7,3,1,0,Não,Não,Médico,Médio
52,18703.06,14.8,46724,73461.47,7,4,2,1,Sim,Sim,Professor,Alto
70,12400.7,15.5,25735,31350.41,4,1,3,0,Não,Sim,Professor,Alto
90,5422.38,16.2,7413,12466.41,12,5,1,0,Sim,Não,Analista de TI,Médio
44,7565.21,7.5,17743,20518.67,7,2,1,0,Não,Não,Analista de TI,Alto
58,9882.14,8.9,25291,27926.6,0,5,2,0,Não,Sim,Designer,Alto
71,2177.68,6.3,5102,2508.06,14,4,0,0,Sim,Sim,Advogado,Alto
89,11741.85,21.6,28037,43062.2,16,1,2,0,Não,Sim,Médico,Alto
22,12700.68,24.3,2298,25381.49,10,3,1,0,Sim,Não,Designer,Baixo
60,19973.69,13.1,40068,37008.46,20,3,3,23,Não,Não,Designer,Alto
59,7930.1,16.2,17221,23134.13,15,2,0,0,Sim,Não,Contador,Alto
82,3620.34,28.5,9304,15665.66,11,1,3,0,Sim,Não,Advogado,Alto
57,16943.9,7.6,12414,62752.67,4,3,2,0,Não,Não,Empreendedor,Baixo
50,19793.17,21.3,25505,60596.98,15,4,3,0,Não,Não,Engenheiro,Médio
76,18515.07,20.1,23382,58988.9,13,3,0,0,Sim,Sim,Designer,Médio
69,11429.03,4.9,25234,37042.9,0,1,2,37,Não,Sim,Designer,Alto
60,14636.26,28.3,12290,72069.04,5,4,1,0,Não,Sim,Enfermeiro,Baixo
82,4303.85,0.7,8245,19338.32,19,4,2,0,Sim,Não,Enfermeiro,Médio
84,18143.08,7.6,22326,77973.76,0,5,0,0,Não,Sim,Advogado,Médio
21,16099.53,9.5,15119,22788.11,2,5,1,0,Sim,Não,Empreendedor,Baixo
19,4688.27,0.2,7585,8251.99,18,5,2,0,Não,Não,Enfermeiro,Médio
63,7855.74,9.8,14890,9262.39,19,2,2,0,Sim,Sim,Empreendedor,Médio
84,7979.87,5.5,22844,32091.37,5,0,2,0,Não,Sim,Enfermeiro,Alto
48,10854.31,4.5,16412,28194.71,12,3,0,0,Não,Não,Analista de TI,Médio
29,12646.27,26.9,35762,49412.08,12,0,3,0,Não,Não,Designer,Alto
38,15629.48,23.2,13658,63311.04,18,0,3,0,Sim,Não,Enfermeiro,Baixo
79,14438.46,12.7,23614,48770.69,5,0,0,0,Não,Sim,Contador,Médio
24,10207.28,24.3,20851,46200.74,1,0,0,7,Sim,Não,Advogado,Alto
27,8407.23,4.6,8596,9394.04,15,2,3,0,Não,Sim,Analista de TI,Médio
74,6559.73,4.9,9576,9010.29,9,1,1,0,Sim,Sim,Professor,Médio
68,8386.41,21.6,17996,9682.32,11,1,2,10,Sim,Sim,Designer,Alto
90,13844.48,28.4,25573,15308.98,15,1,2,38,Não,Sim,Analista de TI,Alto
42,5173.39,21.0,9149,14600.21,10,3,3,0,Não,Não,Analista TI,Médio
34,8213.96,23.0,15463,8338.34,15,4,2,21,Sim,Sim,Engenheiro,Médio
41,17998.21,14.9,48333,22535.84,2,2,3,0,Sim,Não,Designer,Alto
24,15990.0,5.2,4556,49168.07,11,2,2,0,Sim,Não,Designer,Baixo
31,7697.68,13.8,14874,23316.48,17,3,0,29,Não,Sim,Médico,Médio
42,2310.62,6.0,17,3979.22,8,3,0,49,Sim,Não,Empreendedor,Alto
57,10016.14,8.2,3686,36940.62,19,1,0,12,Sim,Não,Professor,Médio
74,14371.32,25.7,16145,29406.45,0,1,2,0,Não,Não,Advogado,Médio
45,11137.26,20.5,32618,46032.36,13,4,1,59,Não,Não,Designer,Alto
65,6291.08,6.3,13276,28450.67,14,2,0,0,Sim,Sim,Contador,Alto
58,13162.77,29.7,2395,17081.95,7,0,2,0,Não,Não,Analista de TI,Baixo
45,3386.62,10.0,4798,6533.35,13,2,2,0,Sim,Sim,Empreendedor,Médio
23,17269.29,1.7,24214,50102.46,14,4,0,0,Sim,Sim,Contador,Médio
46,17782.88,29.6,39578,41519.79,14,2,2,0,Não,Não,Empreendedor,Alto
88,19820.61,8.9,414,80679.16,15,5,3,55,Não,Sim,Médico,Alto
42,11236.86,24.7,22094,32021.17,12,3,0,0,Sim,Não,Professor,Médio
77,,24.7,4182,8773.14,12,4,1,0,Não,Não,Designer,Baixo
83,2234.58,5.5,3335,8961.27,4,3,1,0,Sim,Não,Advogado,Médio
31,12617.45,22.6,9099,51052.27,7,1,3,0,Não,Sim,Professor,Baixo
61,16116.17,0.8,28446,79583.49,12,1,1,0,Sim,Sim,Contador,Médio
29,17417.42,3.5,47885,81527.76,1,3,0,10,Não,Não,Médico,Alto
39,8280.03,22.8,8895,39962.03,4,0,0,0,Não,Sim,Enfermeiro,Médio
25,14522.2,28.5,12170,24754.75,9,3,3,0,Não,Não,Engenheiro,Baixo
46,,13.9,6536,15933.78,8,5,3,0,Não,Não,Enfermeiro,Médio
37,10597.36,15.7,16821,47421.73,2,4,0,0,Não,Sim,Professor,Médio
26,8008.98,3.7,3850,33550.67,15,5,2,0,Sim,Sim,Engenheiro,Baixo
76,14728.91,25.1,1745,52904.05,7,5,3,0,Sim,Não,Analista de TI,Baixo
57,19788.11,11.3,30010,54829.84,6,1,3,0,Não,Sim,Professor,Médio
85,16408.35,2.1,27754,36547.34,15,2,3,12,Sim,Sim,Médico,Médio
39,14558.88,13.0,40443,43789.56,20,3,1,0,Não,Sim,Designer,Alto
60,9034.81,17.7,9821,42439.27,0,2,1,0,Não,Não,Advogado,Médio
50,4083.88,6.4,1192,8586.41,13,3,1,0,Não,Sim,Engenheiro,Baixo
43,16112.79,22.1,12121,33072.12,5,0,0,0,Sim,Não,Médico,Baixo
37,19964.66,10.7,25606,54499.27,18,2,1,0,Sim,Não,Enfermeiro,Médio
43,6389.42,20.1,15296,20191.56,6,3,2,0,Não,Sim,Analista de TI,Alto
59,3569.79,29.6,8156,3622.69,19,4,2,0,Sim,Sim,Advogado,Alto
47,2650.95,27.7,2990,7069.01,16,2,3,0,Não,Não,Enfermeiro,Médio
69,8684.09,19.6,7925,33686.01,1,4,1,0,Não,Não,Analista de TI,Baixo
32,16104.46,15.3,7116,75460.4,17,5,0,0,Sim,Não,Empreendedor,Baixo
34,10580.88,7.8,29908,44052.17,0,1,1,0,Sim,Não,Engenheiro,Alto
22,18769.68,25.4,47986,62138.29,11,4,1,38,Não,Não,Designer,Alto
84,19566.84,21.9,39755,97632.3,20,1,2,0,Sim,Não,Enfermeiro,Alto
79,16504.13,29.1,30283,17319.79,9,1,3,0,Sim,Não,Analista de TI,Médio
31,16297.7,19.1,11887,77001.89,9,5,0,0,Sim,Não,Professor,Baixo
25,19440.94,25.8,28962,58324.79,6,1,1,34,Não,Não,Designer,Alto
19,9261.69,1.8,18411,37582.15,15,0,0,0,Não,Não,Empreendedor,Médio
86,17670.78,4.5,44592,37269.63,4,0,0,0,Não,Sim,Médico,Alto
39,18124.24,22.7,45389,74772.19,12,2,2,0,Não,Sim,Analista de TI,Alto
40,7270.29,7.3,14362,10446.57,5,4,3,27,Sim,Sim,Empreendedor,Médio
63,8652.92,8.3,1057,19056.55,17,3,3,0,Não,Não,Engenheiro,Baixo
36,11967.32,29.4,28590,27719.79,7,4,3,0,Não,Não,Advogado,Alto
82,3396.06,19.0,101,14287.5,10,2,3,0,Não,Sim,Enfermeiro,Baixo
28,5312.75,6.5,1384,13058.12,20,0,3,35,Não,Sim,Contador,Alto
69,17709.09,27.2,27333,21328.1,15,4,0,0,Sim,Não,Analista de TI,Médio
25,7026.1,4.4,19837,10435.69,15,0,2,0,Não,Sim,Médico,Alto
33,11378.49,16.7,32425,13828.87,7,0,1,0,Sim,Não,Advogado,Alto
32,18197.19,23.5,51448,89488.97,11,4,1,0,Sim,Não,Professor,Alto
69,19936.06,18.6,22732,33212.98,1,0,0,27,Não,Não,Advogado,Médio
33,17000.28,17.4,22790,75849.95,1,1,0,0,Não,Não,Médico,Médio
87,12016.84,14.8,30549,26971.75,18,1,2,0,Sim,Não,Designer,Alto
86,13631.68,5.0,26716,67713.55,0,3,3,0,Sim,Não,Enfermeiro,Médio
68,14774.01,26.4,20750,28564.68,19,5,3,0,Sim,Sim,Advogado,Médio
40,2738.06,7.2,5057,5125.79,13,2,0,0,Sim,Não,Médico,Médio
59,15455.35,15.7,9493,50035.54,1,0,1,0,Sim,Sim,Analista de TI,Baixo
87,17694.13,15.5,49994,62209.25,15,2,3,0,Não,Sim,Professor,Alto
62,10975.59,9.0,29106,13394.17,4,0,1,0,Sim,Sim,Advogado,Alto
44,7015.2,8.3,7900,13860.99,1,1,3,0,Sim,Não,Professor,Médio
43,6546.62,9.4,280,30188.58,0,1,2,0,Sim,Sim,Engenheiro,Baixo
35,7356.71,22.8,8948,11043.81,8,0,1,0,Sim,Sim,Designer,Médio
72,18761.98,21.2,18431,32216.48,5,5,1,45,Sim,Sim,Engenheiro,Alto
66,15313.02,5.4,18889,65893.2,19,1,0,0,Sim,Não,Engenheiro,Médio
84,10828.43,23.6,26394,28046.36,16,0,1,0,Não,Não,Professor,Alto
81,5349.5,21.2,13994,17715.72,14,5,0,6,Sim,Sim,Professor,Alto
46,6638.19,15.2,7787,23612.84,6,3,2,0,Não,Não,Analista de TI,Médio
89,16791.82,14.2,13302,78314.65,10,5,1,0,Sim,Não,Designer,Baixo
38,10667.71,21.0,9864,39219.02,0,3,1,0,Sim,Não,Enfermeiro,Baixo
55,15285.84,23.8,29392,38481.83,8,5,0,0,Não,Não,Médico,Médio
35,16204.68,25.5,9391,68669.98,0,1,0,0,Sim,Não,Professor,Baixo
63,,28.2,14227,12106.08,13,4,1,0,Sim,Não,Empreendedor,Alto
66,9958.08,8.0,25485,25165.64,3,5,0,0,Sim,Não,Empreendedor,Alto
25,17170.67,24.1,34564,30639.39,13,4,0,0,Sim,Sim,Professor,Alto
45,5602.43,25.1,4281,14949.63,14,1,2,0,Sim,Não,Médico,Baixo
81,9698.94,8.3,23062,14689.44,12,1,3,0,Não,Não,Advogado,Alto
26,15251.87,10.8,1763,68799.48,18,4,1,0,Não,Sim,Analista de TI,Baixo
76,,11.5,116,9756.11,2,1,2,0,Sim,Não,Analista de TI,Baixo
52,7157.8,2.5,4384,19729.48,8,4,3,0,Não,Não,Médico,Baixo
28,,28.1,211,18245.73,4,3,0,3,Não,Sim,Engenheiro,Médio
32,4316.08,2.5,12376,12763.47,13,4,2,0,Não,Não,Analista de TI,Alto
21,3732.87,3.0,10591,17709.97,20,5,3,0,Sim,Não,Designer,Alto
27,16526.41,29.3,31073,21621.69,7,1,0,50,Sim,Sim,Analista de TI,Alto
32,17996.79,25.9,35248,54045.49,12,0,3,0,Não,Sim,Designer,Médio
84,11982.7,11.2,11206,29917.13,4,2,3,29,Não,Não,Professor,Médio
68,,24.1,14539,24648.79,13,2,2,0,Sim,Não,Empreendedor,Alto
71,12246.97,23.4,29878,55962.28,7,2,3,0,Sim,Sim,Professor,Alto
25,11480.74,8.7,15944,18156.58,18,0,3,0,Não,Não,Engenheiro,Médio
39,18093.3,10.0,24128,24250.41,13,3,1,0,Não,Sim,Empreendedor,Médio
85,12218.05,12.2,10202,37053.38,6,3,2,0,Não,Não,Médico,Baixo
30,3803.0,23.7,8817,10010.02,9,1,2,18,Não,Sim,Professor,Alto
64,16609.88,9.3,16830,21459.67,0,4,1,0,Não,Não,Designer,Médio
63,7326.56,27.6,179,10904.99,14,2,3,0,Sim,Não,Analista de TI,Baixo
32,5601.59,8.1,14599,22854.59,13,3,2,0,Sim,Sim,Enfermeiro,Alto
63,16800.82,13.7,23517,69282.3,5,3,3,0,Sim,Sim,Advogado,Médio
29,12406.75,20.8,35985,31790.39,4,3,3,0,Não,Não,Empreendedor,Alto
26,12121.06,21.3,31809,26742.63,7,4,2,46,Não,Não,Advogado,Alto
41,19277.79,27.6,56692,26609.78,18,3,1,0,Não,Sim,Enfermeiro,Alto
74,4351.45,5.5,12192,7213.54,4,3,0,0,Sim,Sim,Advogado,Alto
70,5965.04,2.1,13868,11189.53,20,4,3,0,Não,Não,Médico,Alto
20,19704.8,15.9,16874,31695.98,3,3,1,46,Sim,Sim,Contador,Alto
21,3038.01,1.9,8562,11667.14,14,4,3,0,Não,Sim,Advogado,Alto
29,11076.31,1.8,2916,27999.47,20,2,0,23,Sim,Sim,Médico,Médio
30,2922.94,2.7,4937,7297.42,9,3,0,0,Não,Não,Contador,Médio
61,,9.7,2245,15969.38,9,2,2,0,Sim,Sim,Contador,Baixo
59,18626.11,22.1,55506,83536.45,15,5,3,0,Sim,Não,Empreendedor,Alto
88,4006.39,5.4,6016,19293.53,3,2,0,0,Sim,Sim,Enfermeiro,Médio
46,6427.99,3.3,4081,22791.41,5,5,1,0,Não,Sim,Designer,Baixo
38,16659.39,1.0,9513,35405.4,0,1,2,40,Sim,Não,Professor,Alto
48,5574.78,23.6,13365,27798.36,5,5,2,0,Sim,Não,Designer,Alto
67,6914.45,9.9,7283,30615.91,12,5,3,0,Sim,Sim,Eng.,Médio
55,11363.25,11.7,2626,17424.27,17,5,3,0,Sim,Não,Analista de TI,Baixo
29,3300.84,27.5,3,12531.35,6,4,0,0,Sim,Não,Médico,Baixo
34,18813.29,3.9,17367,82838.69,5,2,3,0,Sim,Não,Enfermeiro,Baixo
32,8261.35,27.4,8165,22537.15,3,2,0,0,Sim,Sim,Empreendedor,Baixo
90,18714.32,23.6,5531,20564.41,6,4,2,0,Sim,Não,Médico,Baixo
47,17215.34,14.7,49400,25502.42,11,0,2,45,Não,Não,Enfermeiro,Alto
80,6376.01,3.5,4309,18519.96,19,4,3,0,Não,Não,Médico,Baixo
63,13050.64,6.2,4318,57939.61,13,0,1,0,Sim,Não,Enfermeiro,Baixo
84,12952.02,25.0,18283,53801.98,7,5,3,49,Sim,Não,Professor,Alto
30,5725.73,5.5,2489,10778.33,19,1,2,0,Sim,Não,Enfermeiro,Baixo
34,14402.31,1.9,20619,58783.75,18,4,0,0,Sim,Sim,Enfermeiro,Médio
33,11428.28,4.2,9791,35320.67,5,5,2,0,Não,Não,Engenheiro,Baixo
74,10532.45,23.2,21350,35455.46,3,0,1,0,Não,Não,Engenheiro,Alto
30,4321.25,22.7,7802,9649.83,16,3,2,0,Não,Não,Empreendedor,Médio
46,15654.91,19.9,39410,63783.49,11,0,1,0,Sim,Não,Professor,Alto
34,15079.11,5.7,37180,43334.61,8,0,3,0,Sim,Sim,Designer,Alto
49,4562.38,12.3,8653,18756.53,16,2,3,0,Sim,Não,Contador,Médio
82,11061.39,1.9,16616,12058.39,3,1,3,0,Sim,Sim,Empreendedor,Médio
57,12845.41,16.9,29403,29213.97,5,0,2,0,Não,Sim,Designer,Alto
54,16719.08,15.3,36546,33478.07,7,3,2,0,Sim,Sim,Designer,Alto
45,9292.55,23.5,3887,18684.91,19,1,2,0,Não,Não,Enfermeiro,Baixo
80,13587.21,9.3,28980,46472.79,2,1,0,0,Sim,Sim,Enfermeiro,Alto
63,18914.16,17.1,38530,25611.28,3,4,2,0,Não,Não,Advogado,Alto
23,9061.27,10.1,8669,12365.54,12,0,2,0,Sim,Sim,Médico,Baixo
71,18740.72,0.3,4452,69338.84,20,0,1,0,Não,Não,Enfermeiro,Baixo
25,5044.54,17.5,6884,15577.53,20,5,0,0,Sim,Não,Médico,Médio
76,7148.9,9.1,12626,14580.59,16,3,2,22,Sim,Não,Designer,Médio
63,17997.93,24.2,15007,30244.17,2,5,1,0,Sim,Sim,Enfermeiro,Baixo
57,9805.27,14.2,29326,20876.27,20,3,1,0,Não,Não,Enfermeiro,Alto
60,9612.64,8.7,19544,19074.31,8,2,0,0,Não,Sim,Empreendedor,Alto
61,7680.78,26.9,18513,10327.71,20,3,1,0,Não,Sim,Professor,Alto
84,7616.3,12.8,1177,11494.53,13,0,1,0,Sim,Não,Designer,Baixo
81,16582.86,4.2,19871,19191.23,5,2,2,0,Sim,Não,Empreendedor,Médio
31,,18.5,2755,23886.32,12,5,3,0,Sim,Não,Analista de TI,Baixo
36,15810.68,12.7,37592,19012.21,18,4,3,0,Sim,Não,Médico,Alto
77,10490.08,6.6,1364,33096.84,20,3,3,0,Não,Não,Contador,Baixo
53,3781.82,26.4,2553,9791.39,13,2,2,0,Sim,Não,Médico,Baixo
74,2039.99,12.5,3159,2602.0,6,2,1,0,Não,Sim,Designer,Médio
85,11787.33,14.2,1702,26659.18,10,4,1,56,Não,Sim,Analista de TI,Alto
20,17559.38,4.4,8544,42791.29,9,3,3,0,Sim,Sim,Médico,Baixo
64,6383.86,15.4,5189,26316.22,0,2,3,0,Sim,Sim,Professor,Baixo
41,6972.86,9.5,9449,30096.07,8,1,0,0,Sim,Não,Analista de TI,Médio
87,13308.84,18.3,4341,17557.07,19,5,3,0,Sim,Não,Enfermeiro,Baixo
46,3249.21,1.5,1190,7098.76,14,3,0,0,Não,Não,Contador,Baixo
44,10915.56,20.1,23012,18422.37,13,0,0,11,Não,Sim,Contador,Alto
22,3466.58,14.9,3857,16019.57,11,3,2,0,Sim,Sim,Engenheiro,Médio
50,11422.08,20.0,33736,29584.79,8,2,2,23,Sim,Não,Engenheiro,Alto
85,4342.28,10.3,10483,20943.77,2,1,0,0,Não,Sim,Analista de TI,Alto
66,12274.59,28.2,7716,41294.59,2,5,2,0,Não,Não,Empreendedor,Baixo
24,19589.7,10.0,0,65565.52,11,0,2,0,Não,Sim,Enfermeiro,Baixo
21,10459.91,25.1,3164,36880.78,20,4,2,11,Não,Não,Contador,Médio
79,7255.04,16.4,2587,17343.19,1,1,2,0,Sim,Sim,Médico,Baixo
87,6890.1,26.5,17688,8649.99,15,0,0,0,Sim,Sim,Designer,Alto
20,9507.07,4.2,7277,35180.65,11,0,2,5,Sim,Sim,Engenheiro,Médio
57,19378.55,24.0,6245,32443.75,0,4,3,0,Não,Sim,Contador,Baixo
78,,14.5,6091,20990.71,8,1,0,0,Sim,Sim,Contador,Médio
34,15504.67,27.2,9822,54069.86,5,1,3,0,Sim,Sim,Designer,Baixo
60,19144.0,24.2,10141,40524.7,2,1,2,0,Não,Não,Analista de TI,Baixo
84,2626.81,20.7,2149,11915.35,14,3,3,0,Sim,Sim,Engenheiro,Baixo
29,9024.97,24.8,19143,13428.3,16,1,1,0,Não,Não,Empreendedor,Alto
57,6294.27,2.4,9553,19821.62,8,0,0,0,Não,Não,Médico,Médio
53,19543.21,26.6,27630,38543.74,3,0,1,0,Sim,Não,Enfermeiro,Médio
89,11547.19,13.6,26253,47334.28,0,2,0,0,Não,Sim,Médico,Alto
42,13619.01,5.2,582,25285.96,7,4,0,0,Sim,Não,Enfermeiro,Baixo
69,17984.92,10.1,48502,60121.99,3,4,3,30,Não,Não,Designer,Alto
20,15890.63,14.6,24124,32239.73,5,2,3,0,Sim,Sim,Analista de TI,Médio
74,17510.29,11.1,21522,57537.59,1,4,1,0,Sim,Não,Médico,Médio
37,4767.82,14.7,10938,17037.24,17,2,2,0,Sim,Não,Enfermeiro,Alto
65,7264.72,27.8,19096,31424.34,9,1,2,10,Sim,Não,Empreendedor,Alto
56,17381.5,18.6,44506,34392.71,9,0,2,0,Não,Não,Professor,Alto
54,13828.56,7.3,6594,50703.85,12,5,3,0,Não,Sim,Contador,Baixo
32,13267.97,22.5,28379,56525.4,20,3,0,23,Sim,Não,Médico,Alto
41,19924.69,6.6,25208,30104.66,20,1,0,0,Não,Sim,Médico,Médio
90,4272.93,27.7,9131,10022.46,9,4,1,0,Não,Não,Contador,Alto
27,5252.25,13.6,11197,6676.71,2,1,0,0,Sim,Não,Designer,Alto
51,4510.0,15.9,2364,20562.6,9,1,1,0,Não,Não,Enfermeiro,Baixo
53,3090.77,10.8,5422,3835.25,3,2,3,0,Sim,Não,Advogado,Médio
90,9184.61,12.5,12923,36804.16,14,2,1,0,Sim,Sim,Médico,Médio
30,16423.58,24.5,21674,75779.5,11,5,1,0,Não,Sim,Engenheiro,Médio
56,19203.01,18.6,53833,48938.92,16,2,0,0,Não,Não,Empreendedor,Alto
51,18581.75,29.0,40831,81716.62,16,1,3,0,Não,Não,Advogado,Alto
24,13778.58,4.1,5444,15730.92,15,4,3,0,Não,Sim,Empreendedor,Baixo
62,2436.57,13.0,6721,8003.91,3,5,3,0,Não,Não,Empreendedor,Alto
82,13565.07,13.6,23819,34204.03,20,4,1,0,Não,Sim,Enfermeiro,Médio
68,,18.2,2512,10114.76,6,2,1,0,Não,Não,Analista de TI,Baixo
67,,29.3,6874,24489.77,8,5,1,0,Não,Não,Prof.,Médio
88,14837.82,24.2,23642,22294.35,5,4,1,54,Sim,Não,Enfermeiro,Alto
55,16650.86,16.4,16463,22269.59,6,4,2,0,Não,Não,Engenheiro,Baixo
89,3826.14,26.9,10591,8126.76,11,5,2,0,Sim,Sim,Engenheiro,Alto
52,19286.67,7.9,31052,41740.04,10,5,0,0,Não,Não,Designer,Médio
42,2167.68,29.9,5744,2374.18,15,3,2,0,Sim,Não,Professor,Alto
53,13372.61,19.6,8276,24931.93,17,1,1,0,Sim,Não,Professor,Baixo
73,9665.84,28.1,1996,17131.88,15,4,1,0,Sim,Não,Contador,Baixo
71,18539.0,15.0,40412,38501.31,5,0,1,0,Sim,Não,Designer,Alto
90,12957.1,24.7,770,62279.3,20,0,1,0,Sim,Não,Médico,Baixo
53,9907.38,18.2,12976,12143.3,6,5,1,0,Não,Não,Advogado,Médio
84,14229.29,19.9,38837,32481.3,0,1,3,0,Não,Sim,Analista de TI,Alto
30,11874.47,10.5,20246,21381.21,5,0,1,45,Não,Sim,Contador,Alto
83,10403.26,2.2,6158,47661.36,18,4,1,0,Sim,Não,Empreendedor,Baixo
58,14841.18,21.4,23631,44607.58,8,2,3,0,Não,Não,Professor,Médio
73,5335.92,13.3,5787,22314.25,10,1,1,0,Sim,Sim,Advogado,Médio
51,13175.5,25.2,34540,49453.94,4,3,0,17,Sim,Sim,Designer,Alto
36,16543.53,25.1,1507,63870.54,3,5,1,0,Sim,Sim,Analista de TI,Baixo
25,7019.83,14.5,10619,12009.46,8,5,1,0,Sim,Não,Advogado,Médio
30,13307.94,6.5,11849,65263.47,13,1,3,2,Sim,Não,Advogado,Médio
43,3171.39,12.3,7112,3219.92,10,0,2,0,Sim,Sim,Analista de TI,Alto
79,6633.59,23.0,18496,8550.18,10,0,2,0,Sim,Não,Designer,Alto
37,15813.12,12.5,15925,26744.18,19,1,2,0,Sim,Sim,Médico,Médio
26,5855.32,29.8,1907,6090.02,1,0,3,0,Sim,Não,Professor,Baixo
63,8702.38,11.7,16149,32822.89,2,1,3,0,Não,Não,Advogado,Médio
61,17158.03,25.8,32315,57159.64,5,2,1,0,Não,Não,Engenheiro,Médio
46,18701.45,27.4,13604,31264.12,10,5,1,0,Sim,Não,Contador,Baixo
82,19827.03,2.5,7745,26517.11,15,5,1,0,Sim,Não,Contador,Baixo
49,16924.97,25.1,5962,71919.12,16,3,1,0,Não,Sim,Designer,Baixo
29,11553.82,19.4,30878,45469.92,15,0,3,0,Não,Sim,Contador,Alto
79,5701.96,10.5,8860,8579.87,5,5,0,9,Não,Sim,Contador,Médio
37,,15.5,8018,6049.9,20,2,2,0,Sim,Não,Contador,Médio
46,16511.23,23.5,7946,19690.79,6,2,3,0,Sim,Sim,Contador,Baixo
81,18538.94,14.0,43814,22151.57,14,1,3,0,Sim,Não,Analista de TI,Alto
19,5461.72,3.9,107,19922.47,2,2,3,0,Não,Não,Engenheiro,Baixo
23,9692.15,24.7,861,43344.46,13,5,2,0,Sim,Sim,Empreendedor,Baixo
55,10397.97,1.9,28823,45622.0,10,3,0,0,Sim,Não,Enfermeiro,Alto
34,12698.16,8.2,34535,30165.85,10,3,2,0,Não,Sim,Empreendedor,Alto
24,6840.72,18.3,14856,13035.46,0,2,1,0,Sim,Não,Engenheiro,Alto
58,2943.93,15.0,4476,3961.42,6,5,0,41,Não,Não,Analista de TI,Alto
73,,22.0,2278,20452.22,7,2,1,0,Não,Sim,Contador,Baixo
62,4385.33,29.2,1618,10464.23,1,5,2,0,Sim,Sim,Designer,Baixo
67,19199.56,18.7,20409,22021.66,18,2,3,0,Sim,Não,Contador,Médio
66,4233.08,17.5,6763,18495.31,1,3,2,0,Não,Sim,Empreendedor,Médio
61,16131.36,4.8,11877,59474.42,7,5,3,0,Não,Sim,Professor,Baixo
20,13028.79,11.6,10185,54682.69,9,0,3,0,Sim,Não,Empreendedor,Baixo
35,5466.88,26.8,6816,15891.91,16,4,1,1,Sim,Sim,Empreendedor,Médio
60,9842.96,13.7,10162,29491.97,13,5,3,0,Sim,Não,Advogado,Médio
44,18283.3,3.6,43146,59134.35,2,4,2,0,Não,Sim,Médico,Alto
41,15711.74,2.8,28632,57229.17,8,1,1,0,Sim,Sim,Advogado,Médio
47,6469.99,12.7,1498,26006.79,10,0,3,0,Não,Sim,Empreendedor,Baixo
25,6762.16,4.2,7740,33451.95,0,0,2,0,Sim,Não,Enfermeiro,Médio
60,5966.75,11.8,10994,15008.44,16,3,1,0,Sim,Não,Contador,Médio
77,16228.1,24.2,43878,48515.28,15,0,1,0,Não,Sim,Empreendedor,Alto
59,12519.37,5.2,32497,25218.32,16,1,1,0,Sim,Sim,Médico,Alto
34,14879.48,2.6,15738,29866.59,15,2,1,0,Sim,Não,Empreendedor,Médio
29,8667.08,6.5,2761,28887.42,19,2,1,0,Não,Não,Contador,Baixo
90,15779.21,11.2,35472,52324.85,0,3,1,0,Não,Sim,Enfermeiro,Alto
41,12160.88,9.9,34766,17915.48,4,1,0,0,Não,Não,Contador,Alto
23,5113.04,13.8,7068,20763.64,16,1,2,0,Não,Sim,Empreendedor,Médio
47,7414.36,15.7,13610,7477.19,4,4,1,55,Não,Sim,Enfermeiro,Alto
67,4220.3,25.8,6078,19578.97,3,4,2,0,Sim,Sim,Analista de TI,Médio
79,16412.73,7.8,11379,33064.06,1,1,1,29,Não,Não,Contador,Médio
56,16971.82,22.3,38682,45372.21,14,2,0,0,Não,Não,Analista de TI,Alto
54,15112.51,22.1,4,66242.31,15,0,3,51,Não,Não,Enfermeiro,Alto
85,19685.12,20.1,43988,40374.15,1,0,0,0,Não,Sim,Contador,Alto
73,9634.59,22.3,26315,43789.84,13,0,3,0,Não,Sim,Designer,Alto
74,8355.34,22.5,20072,13414.6,2,5,3,0,Sim,Não,Engenheiro,Alto
72,12202.12,0.2,9285,24850.28,5,4,1,0,Sim,Sim,Empreendedor,Baixo
57,17921.89,23.6,15752,23912.32,17,0,0,1,Não,Não,Contador,Médio
53,4129.61,7.2,8338,17838.84,7,0,3,0,Não,Não,Advogado,Alto
75,5568.62,16.5,7457,12826.23,7,4,1,0,Não,Não,Enfermeiro,Médio
76,19230.43,21.9,24138,76733.98,7,3,2,0,Sim,Não,Engenheiro,Médio
37,16465.68,2.8,43221,61289.21,10,5,1,0,Sim,Sim,Analista de TI,Alto
84,18342.56,2.6,51206,62457.51,6,4,2,0,Sim,Sim,Contador,Alto
76,17490.75,23.9,52097,54495.0,3,2,1,0,Não,Não,Analista de TI,Alto
48,16108.29,29.6,3176,67721.81,2,2,3,0,Sim,Não,Designer,Baixo
29,18799.9,28.3,33466,55812.95,8,0,0,0,Sim,Não,Advogado,Médio
45,9165.77,17.6,21218,13841.69,6,4,0,0,Não,Sim,Advogado,Alto
21,15160.52,7.0,19684,53985.69,6,2,0,0,Não,Não,Enfermeiro,Médio
68,11258.11,20.3,29697,45325.63,10,0,1,0,Não,Sim,Designer,Alto
26,7536.52,18.7,16765,24384.69,4,4,2,39,Não,Não,Médico,Alto
85,19191.29,8.4,33837,75403.96,12,2,0,54,Não,Não,Enfermeiro,Alto
29,10319.36,22.8,30034,12504.64,7,2,1,0,Sim,Sim,Médico,Alto
87,2171.48,29.5,980,5618.24,18,1,0,0,Não,Não,Empreendedor,Baixo
24,16571.69,14.1,5744,72144.35,17,2,0,0,Não,Sim,Analista de TI,Baixo
87,10868.13,19.1,1473,17042.74,3,1,0,0,Sim,Não,Professor,Baixo
49,18438.37,1.3,38224,47342.25,10,2,2,1,Não,Não,Enfermeiro,Alto
76,10153.52,16.0,1992,47051.18,10,2,0,35,Não,Não,Analista de TI,Alto
54,19597.03,25.5,40962,49594.3,10,3,0,0,Não,Sim,Médico,Alto
89,18214.09,19.3,9890,20855.83,1,4,3,0,Sim,Sim,Analista de TI,Baixo
74,6227.73,3.7,5514,17649.13,15,5,1,0,Sim,Sim,Médico,Baixo
34,5265.34,8.3,5711,23813.07,2,4,3,0,Sim,Não,Engenheiro,Médio
41,17251.99,17.6,20222,33143.14,7,3,0,0,Sim,Não,Enfermeiro,Médio
83,,21.5,5994,5453.43,3,1,0,0,Não,Sim,Médico,Médio
85,7919.7,25.0,20343,19797.73,5,0,1,0,Sim,Não,Analista de TI,Alto
37,8994.0,25.1,4057,20004.96,12,2,1,0,Sim,Sim,Professor,Baixo
80,5409.9,3.6,13609,22455.57,6,3,2,0,Sim,Sim,Advogado,Alto
74,4206.14,17.9,10423,16760.34,0,5,2,20,Não,Não,Designer,Alto
74,12601.36,24.3,20246,32687.65,5,5,3,0,Sim,Sim,Analista de TI,Médio
90,17903.16,2.3,19079,35828.99,11,3,0,56,Sim,Não,Advogado,Alto
37,10132.28,8.3,19463,18914.73,18,4,2,0,Sim,Sim,Enfermeiro,Médio
63,5669.72,28.8,13456,26505.22,18,1,0,0,Não,Não,Enfermeiro,Alto
79,18462.89,6.7,47976,56327.51,8,3,0,0,Sim,Sim,Analista de TI,Alto
89,18782.56,22.5,25515,52928.55,9,2,3,0,Não,Sim,Enfermeiro,Médio
28,13779.75,20.9,11639,27853.26,8,5,0,34,Não,Sim,Designer,Alto
89,10520.26,3.1,1737,24772.04,0,1,1,0,Sim,Sim,Contador,Baixo
62,9429.15,17.4,26392,31401.34,19,3,0,28,Sim,Sim,Designer,Alto
78,15259.14,7.0,27311,39818.2,20,2,1,56,Sim,Não,Professor,Alto
81,15582.5,0.6,25559,45447.97,4,3,2,0,Não,Sim,Professor,Médio
86,2550.64,0.2,5231,7202.19,4,5,3,0,Sim,Não,Advogado,Alto
20,15645.2,21.7,2064,48356.29,5,3,0,0,Não,Sim,Prof,Baixo
82,8895.89,9.9,9186,30257.11,15,3,1,0,Não,Não,Professor,Médio
34,2501.41,1.5,5671,6953.16,5,3,3,0,Sim,Sim,Advogado,Alto
78,6981.05,24.5,1087,33495.96,0,3,1,38,Sim,Sim,Enfermeiro,Alto
41,5176.97,18.5,772,8093.98,5,3,2,0,Não,Não,Empreendedor,Baixo
47,13064.9,17.1,11546,38503.73,7,0,1,2,Não,Sim,Advogado,Médio
61,11583.58,23.6,17877,26948.46,19,0,3,0,Sim,Não,Professor,Médio
54,9202.29,29.2,22766,37247.17,1,3,2,0,Sim,Sim,Advogado,Alto
29,7914.65,10.1,14724,27821.07,10,1,0,0,Não,Sim,Professor,Médio
27,10893.8,15.8,22865,25284.91,0,2,1,0,Sim,Não,Enfermeiro,Alto
57,,13.2,5202,16106.48,8,1,2,0,Não,Sim,Médico,Médio
44,9016.27,3.4,3417,15475.14,0,3,2,50,Sim,Não,Empreendedor,Alto
81,5657.06,24.9,7743,13993.2,13,5,0,0,Sim,Sim,Analista de TI,Médio
41,4959.89,22.7,895,7928.37,11,5,1,2,Não,Sim,Médico,Médio
57,13688.61,4.8,22903,61454.82,1,2,2,0,Não,Sim,Professor,Médio
72,12098.09,3.6,35866,35811.97,1,2,3,37,Não,Sim,Professor,Alto
62,17187.95,9.4,38844,69626.97,16,1,2,0,Não,Não,Empreendedor,Alto
41,9008.79,7.3,15046,19424.19,12,4,1,47,Sim,Sim,Professor,Alto
67,8139.77,19.1,18081,13360.28,1,2,2,0,Não,Não,Professor,Alto
89,12269.19,27.7,6497,30273.04,8,2,2,33,Não,Não,Professor,Alto
36,9662.48,7.5,12249,15899.72,5,4,2,0,Sim,Sim,Advogado,Médio
31,11078.88,22.6,14413,13500.86,3,4,0,0,Sim,Sim,Médico,Médio
28,2430.91,4.6,6440,2547.96,13,5,1,0,Sim,Sim,Empreendedor,Alto
29,5117.71,12.9,2992,12814.91,20,5,0,1,Não,Sim,Empreendedor,Médio
56,5258.41,9.9,4143,6992.16,15,0,2,0,Sim,Sim,Enfermeiro,Baixo
67,11649.5,27.5,34308,49652.16,16,3,1,0,Sim,Não,Designer,Alto
78,4234.01,18.6,11455,5687.4,14,2,3,0,Sim,Não,Empreendedor,Alto
86,,4.7,12004,22203.29,7,4,1,0,Não,Sim,Professor,Alto
54,18073.64,3.9,34123,63311.75,17,5,3,0,Não,Não,Engenheiro,Médio
84,6568.49,3.7,11229,16028.14,9,1,2,0,Não,Sim,Enfermeiro,Médio
87,3421.95,19.8,6895,5740.58,5,1,2,0,Sim,Não,Empreendedor,Alto
23,9196.16,1.8,19808,29041.64,15,2,1,18,Sim,Sim,Analista TI,Alto
88,13767.81,7.7,10179,34159.72,11,1,0,0,Sim,Sim,Designer,Baixo
34,4286.96,6.5,6942,10090.2,2,3,1,0,Não,Sim,Médico,Médio
19,4442.38,13.8,12811,15698.69,8,0,1,0,Não,Não,Empreendedor,Alto
42,13812.86,29.9,7133,35750.68,12,3,2,0,Não,Sim,Empreendedor,Baixo
58,4841.69,21.5,4032,6676.48,18,2,3,0,Sim,Não,Enfermeiro,Baixo
38,7882.66,15.6,18797,29571.05,5,2,2,0,Sim,Não,Contador,Alto
45,11373.68,20.0,5651,38747.54,9,4,3,0,Sim,Sim,Contador,Baixo
34,18090.4,27.9,24166,38555.8,4,5,1,0,Não,Não,Engenheiro,Médio
70,17592.81,27.0,4058,26842.68,8,4,2,0,Não,Sim,Enfermeiro,Baixo
50,19573.57,23.5,32783,23440.23,20,3,2,0,Sim,Não,Empreendedor,Médio
77,7272.68,18.6,15141,13496.02,5,2,2,17,Não,Sim,Engenheiro,Alto
69,9980.94,0.7,2226,41821.29,11,4,2,0,Não,Sim,Designer,Baixo
34,13277.75,15.8,36542,49932.31,10,5,1,0,Não,Não,Advogado,Alto
32,3587.91,25.7,10144,14785.1,3,1,3,0,Sim,Não,Professor,Alto
79,4629.02,11.9,10034,11421.99,1,1,0,11,Não,Sim,Médico,Alto
60,3694.37,23.1,4591,16161.63,15,5,3,37,Sim,Não,Advogado,Alto
88,11147.41,9.0,7027,43113.5,1,4,0,0,Sim,Sim,Empreendedor,Baixo
66,17118.78,0.9,23386,26252.58,11,0,1,0,Não,Sim,Enfermeiro,Médio
20,2355.84,5.3,667,3161.11,20,2,1,0,Não,Não,Contador,Baixo
21,10730.69,2.3,5325,49056.62,8,2,1,0,Não,Não,Enfermeiro,Baixo
89,17824.35,8.9,45571,69816.33,13,5,3,0,Sim,Não,Professor,Alto
62,16532.99,5.3,31418,46284.6,3,1,1,0,Não,Não,Enfermeiro,Médio
79,18745.33,5.0,12829,28517.2,1,0,3,0,Não,Não,Analista de TI,Baixo
65,12060.07,10.8,30773,14625.11,13,1,2,0,Sim,Não,Engenheiro,Alto
31,3079.67,25.0,1089,5782.94,6,1,0,0,Sim,Não,Contador,Baixo
53,13946.29,13.3,19405,23762.62,7,1,0,54,Sim,Não,Contador,Alto
32,16720.62,26.4,35275,36354.16,3,0,0,0,Não,Sim,Enfermeiro,Alto
40,,21.6,13532,23557.77,11,0,1,15,Sim,Sim,Professor,Alto
40,6785.64,12.7,1746,19167.58,15,1,3,0,Não,Sim,Empreendedor,Baixo
19,15658.19,20.1,15305,18525.72,1,5,3,55,Sim,Não,Analista de TI,Alto
82,15823.84,6.2,26675,57126.72,3,0,3,0,Sim,Sim,Advogado,Médio
36,19496.33,5.6,23909,69389.49,20,1,2,0,Não,Sim,Professor,Médio
67,8316.11,7.9,9339,23182.13,14,4,3,0,Sim,Não,Enfermeiro,Médio
40,13108.65,13.1,22198,37078.22,18,2,0,0,Não,Não,Contador,Médio
84,8337.38,14.8,22515,41019.32,16,2,1,0,Não,Não,Designer,Alto
25,13870.98,11.9,20037,20975.99,19,5,3,0,Sim,Sim,Analista de TI,Médio
88,5010.2,4.8,10215,23345.83,12,5,1,0,Não,Sim,Advogado,Alto
57,8169.64,28.6,13922,10530.61,19,5,0,0,Sim,Sim,Médico,Médio
45,10934.4,24.3,15787,19823.46,11,3,2,0,Sim,Não,Analista de TI,Médio
52,13842.82,17.8,39635,30378.68,7,1,0,0,Sim,Não,Designer,Alto
50,8911.74,10.1,3085,21014.37,7,0,1,0,Não,Não,Contador,Baixo
58,9270.53,1.6,6663,13047.65,20,1,0,0,Não,Sim,Professor,Baixo
49,7759.67,17.2,6165,25648.31,18,0,3,0,Sim,Sim,Designer,Baixo
56,19359.21,3.9,52776,34336.91,17,1,3,0,Não,Não,Professor,Alto
70,17133.71,10.4,36559,53726.07,7,3,0,0,Não,Não,Professor,Alto
82,8224.03,14.3,7642,18414.9,12,3,0,0,Sim,Não,Médico,Baixo
88,3286.2,19.1,1472,16055.81,12,0,1,0,Sim,Sim,Professor,Baixo
86,14855.4,26.6,42765,28284.9,6,3,0,0,Sim,Sim,Contador,Alto
83,18825.51,15.5,56270,30848.39,18,0,3,0,Sim,Sim,Enfermeiro,Alto
